station_id,station_name,status,bikes,slots,capacity,ratio_ocupacion,ocupacion_categoria,lon,lat,lastUpdated,timestamp
279,193- Pza. La Ermita,IN_SERVICE,5,14,19,0.2632,baja,-0.911216,41.631495,2026-02-25 10:40:08+00:00,2026-02-28 19:22:00
278,270- Delicias Autobuses,IN_SERVICE,9,10,19,0.4737,media,-0.910784,41.659517,2026-02-25 10:40:08+00:00,2026-02-28 19:22:00
277,150- Mrio. Siresa: Dr. Iranzo,IN_SERVICE,10,8,18,0.5556,media,-0.864099,41.647586,2026-02-25 10:40:08+00:00,2026-02-28 19:22:00
274,190- Puerto Venecia Este,IN_SERVICE,26,15,41,0.6341,media,-0.883953,41.608225,2026-02-25 10:40:08+00:00,2026-02-28 19:22:00
273,224- Manuel Viola,IN_SERVICE,1,18,19,0.0526,baja,-0.857295,41.659139,2026-02-25 10:40:08+00:00,2026-02-28 19:22:00
272,189- Puerto Venecia Oeste,IN_SERVICE,7,32,39,0.1795,baja,-0.890212,41.608772,2026-02-25 10:40:08+00:00,2026-02-28 19:22:00
271,142- Ávila: Valencia,IN_SERVICE,5,14,19,0.2632,baja,-0.896833,41.64652,2026-02-25 10:40:08+00:00,2026-02-28 19:22:00
270,22- Delicias Llegadas,IN_SERVICE,6,13,19,0.3158,media,-0.913847,41.658983,2026-02-25 10:40:08+00:00,2026-02-28 19:22:00
269,263- Avda. Real Zaragoza,IN_SERVICE,6,13,19,0.3158,media,-0.823103,41.667017,2026-02-25 10:40:08+00:00,2026-02-28 19:22:00
268,147- Norte: Iglesia,IN_SERVICE,10,9,19,0.5263,media,-0.830298,41.669352,2026-02-25 10:40:08+00:00,2026-02-28 19:22:00
267,144- Ostáriz Forcén: Brazal,IN_SERVICE,12,6,18,0.6667,media,-0.833772,41.669131,2026-02-25 10:40:08+00:00,2026-02-28 19:22:00
266,143- Sta. Isabel: Víctor Jara,IN_SERVICE,5,17,22,0.2273,baja,-0.838466,41.669403,2026-02-25 10:40:08+00:00,2026-02-28 19:22:00
265,232- Cañones Zaragoza: Tella,IN_SERVICE,1,18,19,0.0526,baja,-0.953121,41.622378,2026-02-25 10:40:08+00:00,2026-02-28 19:22:00
264,222- Americano París: Jard. Alá,IN_SERVICE,11,7,18,0.6111,media,-0.93617,41.624186,2026-02-25 10:40:08+00:00,2026-02-28 19:22:00
263,146- Pza. Serrano Berges,IN_SERVICE,11,5,16,0.6875,media,-0.831317,41.666919,2026-02-25 10:40:08+00:00,2026-02-28 19:22:00
262,145- Avda. Estudiantes,IN_SERVICE,16,3,19,0.8421,alta,-0.830664,41.672256,2026-02-25 10:40:08+00:00,2026-02-28 19:22:00
261,227- Patio Naranjos: Rolando,IN_SERVICE,4,13,17,0.2353,baja,-0.948898,41.622609,2026-02-25 10:40:08+00:00,2026-02-28 19:22:00
260,217- Isla Tesoro: Resplandor,IN_SERVICE,1,18,19,0.0526,baja,-0.927343,41.624556,2026-02-25 10:40:08+00:00,2026-02-28 19:22:00
259,215- Veracruz: Manhattan,IN_SERVICE,1,18,19,0.0526,baja,-0.92742,41.621124,2026-02-25 10:40:08+00:00,2026-02-28 19:22:00
258,213- Pza. Edad de Oro,IN_SERVICE,0,19,19,0.0,baja,-0.925056,41.616932,2026-02-25 10:40:08+00:00,2026-02-28 19:22:00
257,221- Casablanca: L. Schindler,IN_SERVICE,2,17,19,0.1053,baja,-0.933913,41.621408,2026-02-25 10:40:08+00:00,2026-02-28 19:22:00
256,220- Isla del Tesoro: Titanic,IN_SERVICE,1,20,21,0.0476,baja,-0.931042,41.625393,2026-02-25 10:40:08+00:00,2026-02-28 19:22:00
255,219- Tomás Lezáun: Ilustración,IN_SERVICE,3,16,19,0.1579,baja,-0.931813,41.629792,2026-02-25 10:40:08+00:00,2026-02-28 19:22:00
254,218- Desayuno Diamantes,IN_SERVICE,0,18,18,0.0,baja,-0.929785,41.622964,2026-02-25 10:40:08+00:00,2026-02-28 19:22:00
253,233- 21 de Junio: Miguelete,IN_SERVICE,11,8,19,0.5789,media,-0.957718,41.625648,2026-02-25 10:40:08+00:00,2026-02-28 19:22:00
252,231- Heroínas Sitios: Gómara,IN_SERVICE,4,15,19,0.2105,baja,-0.962323,41.627574,2026-02-25 10:40:08+00:00,2026-02-28 19:22:00
251,216- Ilustración: Jovellanos,IN_SERVICE,7,11,18,0.3889,media,-0.92592,41.627637,2026-02-25 10:40:08+00:00,2026-02-28 19:22:00
250,212- Los Olvidados: Shangai,IN_SERVICE,1,18,19,0.0526,baja,-0.922575,41.618661,2026-02-25 10:40:08+00:00,2026-02-28 19:22:00
249,230- Beethoven: Schubert,IN_SERVICE,5,14,19,0.2632,baja,-0.948351,41.639614,2026-02-25 10:40:08+00:00,2026-02-28 19:22:00
248,214- Ciud. Kane: Los Pájaros,IN_SERVICE,2,17,19,0.1053,baja,-0.92379,41.621709,2026-02-25 10:40:08+00:00,2026-02-28 19:22:00
247,211- Los Olvidados: Mercado,IN_SERVICE,0,18,18,0.0,baja,-0.919776,41.62189,2026-02-25 10:40:08+00:00,2026-02-28 19:22:00
246,229- J. Rodrigo: Beethoven ,IN_SERVICE,1,18,19,0.0526,baja,-0.94591,41.638083,2026-02-25 10:40:08+00:00,2026-02-28 19:22:00
245,228- Wagner: Beethoven,IN_SERVICE,5,14,19,0.2632,baja,-0.945339,41.634255,2026-02-25 10:40:08+00:00,2026-02-28 19:22:00
244,226- Camping Rosales,IN_SERVICE,4,15,19,0.2105,baja,-0.943367,41.63823,2026-02-25 10:40:08+00:00,2026-02-28 19:22:00
243,225- Ilustración: Mesta,IN_SERVICE,0,18,18,0.0,baja,-0.941206,41.630117,2026-02-25 10:40:08+00:00,2026-02-28 19:22:00
242,223- Ilustración 21,IN_SERVICE,2,17,19,0.1053,baja,-0.935722,41.630056,2026-02-25 10:40:08+00:00,2026-02-28 19:22:00
241,200- Pza. Bámbola,IN_SERVICE,0,19,19,0.0,baja,-0.917708,41.62291,2026-02-25 10:40:08+00:00,2026-02-28 19:22:00
240,199- Argualas: Sabocos,IN_SERVICE,12,6,18,0.6667,media,-0.912063,41.626029,2026-02-25 10:40:08+00:00,2026-02-28 19:22:00
239,197- Vía Ibérica: Cno. Almotilla,IN_SERVICE,7,12,19,0.3684,media,-0.911564,41.623857,2026-02-25 10:40:08+00:00,2026-02-28 19:22:00
238,244- Gmez. Laguna: Hayedo,IN_SERVICE,4,15,19,0.2105,baja,-0.917323,41.639601,2026-02-25 10:40:08+00:00,2026-02-28 19:22:00
237,196- Argualas: El Greco,IN_SERVICE,17,0,17,1.0,alta,-0.915013,41.627379,2026-02-25 10:40:08+00:00,2026-02-28 19:22:00
236,192- Olivar: Quirón,IN_SERVICE,9,10,19,0.4737,media,-0.920951,41.63027,2026-02-25 10:40:08+00:00,2026-02-28 19:22:00
235,248- Orión: Ozanam,IN_SERVICE,0,19,19,0.0,baja,-0.933925,41.641209,2026-02-25 10:40:08+00:00,2026-02-28 19:22:00
234,246- Pza. Armonía,IN_SERVICE,0,19,19,0.0,baja,-0.932766,41.637786,2026-02-25 10:40:08+00:00,2026-02-28 19:22:00
233,195- Sagrada Familia,IN_SERVICE,5,14,19,0.2632,baja,-0.910871,41.629155,2026-02-25 10:40:08+00:00,2026-02-28 19:22:00
232,194- Parq. Los Incrédulos,IN_SERVICE,3,15,18,0.1667,baja,-0.90829,41.629849,2026-02-25 10:40:08+00:00,2026-02-28 19:22:00
231,272- S. Juan B. Salle: Piquero,IN_SERVICE,3,16,19,0.1579,baja,-0.941247,41.63616,2026-02-25 10:40:07+00:00,2026-02-28 19:22:00
230,252- Estrellas: Orión,IN_SERVICE,3,16,19,0.1579,baja,-0.934444,41.643026,2026-02-25 10:40:07+00:00,2026-02-28 19:22:00
229,249- Pza. Inmaculada,IN_SERVICE,2,17,19,0.1053,baja,-0.930564,41.639848,2026-02-25 10:40:07+00:00,2026-02-28 19:22:00
228,247- Centauro: Argos,IN_SERVICE,0,19,19,0.0,baja,-0.930472,41.635875,2026-02-25 10:40:07+00:00,2026-02-28 19:22:00
227,245- Campillo Llerena,IN_SERVICE,3,16,19,0.1579,baja,-0.924098,41.638042,2026-02-25 10:40:07+00:00,2026-02-28 19:22:00
226,254- Leyva: Anillo Verde,IN_SERVICE,2,17,19,0.1053,baja,-0.92497,41.651618,2026-02-25 10:40:07+00:00,2026-02-28 19:22:00
225,250- Biel: Hortensia,IN_SERVICE,3,16,19,0.1579,baja,-0.925293,41.640886,2026-02-25 10:40:07+00:00,2026-02-28 19:22:00
224,243- Anillo Verde: Rguez. Ayuso,IN_SERVICE,10,8,18,0.5556,media,-0.92407,41.645171,2026-02-25 10:40:07+00:00,2026-02-28 19:22:00
223,273- Cáncer: Camisera,IN_SERVICE,9,9,18,0.5,media,-0.929677,41.653044,2026-02-25 10:40:07+00:00,2026-02-28 19:22:00
222,256- Parq. Oeste: S. A. Magno,IN_SERVICE,0,19,19,0.0,baja,-0.929767,41.649768,2026-02-25 10:40:07+00:00,2026-02-28 19:22:00
221,204- Leyva: S. Alberto Magno,IN_SERVICE,0,19,19,0.0,baja,-0.929763,41.651654,2026-02-25 10:40:07+00:00,2026-02-28 19:22:00
219,257- Bosqued: Pasteur,IN_SERVICE,0,19,19,0.0,baja,-0.921491,41.650833,2026-02-25 10:40:07+00:00,2026-02-28 19:22:00
218,253- Rguez. Ayuso 58,IN_SERVICE,16,3,19,0.8421,alta,-0.923141,41.64692,2026-02-25 10:40:07+00:00,2026-02-28 19:22:00
217,242- Rguez. Ayuso: Enlaces,IN_SERVICE,1,18,19,0.0526,baja,-0.919315,41.649511,2026-02-25 10:40:07+00:00,2026-02-28 19:22:00
216,240- Hispanidad: Rallo Lahoz,IN_SERVICE,0,19,19,0.0,baja,-0.920885,41.654934,2026-02-25 10:40:07+00:00,2026-02-28 19:22:00
215,274- Cno. Pilón: Pz. Peñetas,IN_SERVICE,16,3,19,0.8421,alta,-0.943289,41.658792,2026-02-25 10:40:07+00:00,2026-02-28 19:22:00
214,260- Ibón Armeña: Cno. Pilón,IN_SERVICE,3,16,19,0.1579,baja,-0.933495,41.65902,2026-02-25 10:40:07+00:00,2026-02-28 19:22:00
213,259- Cno. Pilón: Oriz García,IN_SERVICE,0,19,19,0.0,baja,-0.928556,41.658388,2026-02-25 10:40:07+00:00,2026-02-28 19:22:00
212,241- A. Príncipe: Anillo Verde,IN_SERVICE,0,19,19,0.0,baja,-0.924256,41.653025,2026-02-25 10:40:07+00:00,2026-02-28 19:22:00
211,251- Millán Serrano: Orquídea,IN_SERVICE,2,17,19,0.1053,baja,-0.92886,41.642539,2026-02-25 10:40:07+00:00,2026-02-28 19:22:00
210,208- Ibón Plan: Cno. Pilón,IN_SERVICE,9,8,17,0.5294,media,-0.937891,41.659252,2026-02-25 10:40:07+00:00,2026-02-28 19:22:00
209,207- Cno. Pilón: Orozco,IN_SERVICE,19,0,19,1.0,alta,-0.941022,41.658649,2026-02-25 10:40:07+00:00,2026-02-28 19:22:00
208,205- Lagos Alba: Trigoniero,IN_SERVICE,7,12,19,0.3684,media,-0.93105,41.660626,2026-02-25 10:40:07+00:00,2026-02-28 19:22:00
207,202- Lagos Coronas: Camisera,IN_SERVICE,2,16,18,0.1111,baja,-0.934436,41.653895,2026-02-25 10:40:07+00:00,2026-02-28 19:22:00
206,210- Rda. Hispanidad: Tiziano,IN_SERVICE,1,17,18,0.0556,baja,-0.876252,41.620299,2026-02-25 10:40:07+00:00,2026-02-28 19:22:00
205,209- Puente Los Suspiros,IN_SERVICE,0,19,19,0.0,baja,-0.875333,41.618103,2026-02-25 10:40:07+00:00,2026-02-28 19:22:00
204,203- Lagos Llosas: Solana,IN_SERVICE,12,5,17,0.7059,alta,-0.929271,41.662279,2026-02-25 10:40:07+00:00,2026-02-28 19:22:00
203,187- Pza. Marco Polo,IN_SERVICE,0,19,19,0.0,baja,-0.87356,41.619983,2026-02-25 10:40:07+00:00,2026-02-28 19:22:00
202,188- Pza. San Marcos,IN_SERVICE,2,17,19,0.1053,baja,-0.873098,41.615716,2026-02-25 10:40:07+00:00,2026-02-28 19:22:00
201,186- Cuarta Avenida: Magaña,IN_SERVICE,0,18,18,0.0,baja,-0.876067,41.624943,2026-02-25 10:40:07+00:00,2026-02-28 19:22:00
200,185- Cuarta Avenida: Montecarlo,IN_SERVICE,0,19,19,0.0,baja,-0.878967,41.624745,2026-02-25 10:40:07+00:00,2026-02-28 19:22:00
199,180- V. Huarte: Barbastro,IN_SERVICE,0,19,19,0.0,baja,-0.891647,41.627257,2026-02-25 10:40:07+00:00,2026-02-28 19:22:00
198,179-Fray J. Garcés: Lerga Luna,IN_SERVICE,9,14,23,0.3913,media,-0.888217,41.627115,2026-02-25 10:40:07+00:00,2026-02-28 19:22:00
197,178- Pinar: Cuarte,IN_SERVICE,0,19,19,0.0,baja,-0.890915,41.629573,2026-02-25 10:40:07+00:00,2026-02-28 19:22:00
196,177- Fray J. Garcés: Boente,IN_SERVICE,0,19,19,0.0,baja,-0.887474,41.629782,2026-02-25 10:40:07+00:00,2026-02-28 19:22:00
195,174- Octavio Toledo: Buenavista,IN_SERVICE,0,19,19,0.0,baja,-0.8907,41.632154,2026-02-25 10:40:07+00:00,2026-02-28 19:22:00
194,201-Lagos Coronas: Leyva,IN_SERVICE,2,17,19,0.1053,baja,-0.933189,41.650979,2026-02-25 10:40:07+00:00,2026-02-28 19:22:00
193,184- Cuarta Avenida: Oviedo,IN_SERVICE,0,19,19,0.0,baja,-0.883013,41.626076,2026-02-25 10:40:07+00:00,2026-02-28 19:22:00
192,183- Corazón de Jesús: Padua,IN_SERVICE,0,15,15,0.0,baja,-0.875717,41.62822,2026-02-25 10:40:07+00:00,2026-02-28 19:22:00
191,182- Parq. La Paz,IN_SERVICE,0,19,19,0.0,baja,-0.879322,41.627771,2026-02-25 10:40:07+00:00,2026-02-28 19:22:00
190,181-Castellar: Lasierra Purroy,IN_SERVICE,9,10,19,0.4737,media,-0.883912,41.62866,2026-02-25 10:40:07+00:00,2026-02-28 19:22:00
189,206-Lagos Coronas: Astún,IN_SERVICE,3,16,19,0.1579,baja,-0.934071,41.656864,2026-02-25 10:40:07+00:00,2026-02-28 19:22:00
188,258- Parq. Maska: Rallo Lahoz,IN_SERVICE,3,16,19,0.1579,baja,-0.926923,41.656025,2026-02-25 10:40:07+00:00,2026-02-28 19:22:00
187,176-Tierno Galván: S. Ramírez,IN_SERVICE,1,17,18,0.0556,baja,-0.881918,41.632085,2026-02-25 10:40:07+00:00,2026-02-28 19:22:00
186,175-Pza. Las Canteras,IN_SERVICE,0,19,19,0.0,baja,-0.885461,41.631878,2026-02-25 10:40:07+00:00,2026-02-28 19:22:00
185,173-Pignatelli: Ruiz Tapiador,IN_SERVICE,0,18,18,0.0,baja,-0.888393,41.633388,2026-02-25 10:40:07+00:00,2026-02-28 19:22:00
184,105-Dr. Horno: Sacramento,IN_SERVICE,1,17,18,0.0556,baja,-0.891059,41.64933,2026-02-25 10:40:06+00:00,2026-02-28 19:22:00
183,96-Pomarón: Pº La Mina ,IN_SERVICE,20,2,22,0.9091,alta,-0.877329,41.647871,2026-02-25 10:40:06+00:00,2026-02-28 19:22:00
182,141-Cataluña: Aguas Vivas,IN_SERVICE,7,12,19,0.3684,media,-0.846174,41.669878,2026-02-25 10:40:06+00:00,2026-02-28 19:22:00
181,140-Cataluña: I. Sto. Domingo,IN_SERVICE,10,9,19,0.5263,media,-0.852859,41.667514,2026-02-25 10:40:06+00:00,2026-02-28 19:22:00
180,139-Cataluña: Sta. Fe,IN_SERVICE,2,15,17,0.1176,baja,-0.856099,41.665812,2026-02-25 10:40:06+00:00,2026-02-28 19:22:00
179,63-Broto: Guara,IN_SERVICE,5,14,19,0.2632,baja,-0.873535,41.666423,2026-02-25 10:40:06+00:00,2026-02-28 19:22:00
178,264-Burriel: Zapater,IN_SERVICE,9,9,18,0.5,media,-0.855255,41.656803,2026-02-25 10:40:06+00:00,2026-02-28 19:22:00
177,149-Felisa Galé: Orensanz,IN_SERVICE,1,23,24,0.0417,baja,-0.859061,41.660496,2026-02-25 10:40:06+00:00,2026-02-28 19:22:00
176,148-Felisa Galé: Oto,IN_SERVICE,3,16,19,0.1579,baja,-0.860845,41.662849,2026-02-25 10:40:06+00:00,2026-02-28 19:22:00
175,138-Rda. Hispanidad: Cataluña,IN_SERVICE,14,5,19,0.7368,alta,-0.857896,41.664243,2026-02-25 10:40:06+00:00,2026-02-28 19:22:00
174,271-Cosuenda: Longares,IN_SERVICE,0,16,16,0.0,baja,-0.863278,41.656223,2026-02-25 10:40:06+00:00,2026-02-28 19:22:00
173,152-La Amistad: F. Luis Urbano,IN_SERVICE,15,4,19,0.7895,alta,-0.858683,41.646948,2026-02-25 10:40:06+00:00,2026-02-28 19:22:00
172,151-Minguijón: Rebolledo,IN_SERVICE,11,6,17,0.6471,media,-0.861892,41.646081,2026-02-25 10:40:06+00:00,2026-02-28 19:22:00
171,35-Comuneros: Minguijón,IN_SERVICE,1,18,19,0.0526,baja,-0.860845,41.6507,2026-02-25 10:40:06+00:00,2026-02-28 19:22:00
170,265- Batalla Pavía: Caspe,IN_SERVICE,1,18,19,0.0526,baja,-0.866366,41.645521,2026-02-25 10:40:06+00:00,2026-02-28 19:22:00
169,156-F. Luis Urbano: Caspe,IN_SERVICE,7,10,17,0.4118,media,-0.85919,41.645112,2026-02-25 10:40:06+00:00,2026-02-28 19:22:00
168,154-Torre Ramona: Dr. Iranzo,IN_SERVICE,11,8,19,0.5789,media,-0.864267,41.644003,2026-02-25 10:40:06+00:00,2026-02-28 19:22:00
167,153- Torre Ramona: Higuera,IN_SERVICE,6,13,19,0.3158,media,-0.860681,41.642893,2026-02-25 10:40:06+00:00,2026-02-28 19:22:00
166,266-Pza. Utrillas,IN_SERVICE,2,15,17,0.1176,baja,-0.866804,41.640332,2026-02-25 10:40:06+00:00,2026-02-28 19:22:00
165,162-Veterinaria,IN_SERVICE,21,1,22,0.9545,alta,-0.861145,41.634112,2026-02-25 10:40:06+00:00,2026-02-28 19:22:00
164,157-Pza. F. Aguayo,IN_SERVICE,1,17,18,0.0556,baja,-0.869032,41.641351,2026-02-25 10:40:06+00:00,2026-02-28 19:22:00
163,155-Yolanda Bar: M.ª Aragón,IN_SERVICE,3,16,19,0.1579,baja,-0.863456,41.640816,2026-02-25 10:40:06+00:00,2026-02-28 19:22:00
162,267-Príncipe Felipe,IN_SERVICE,7,12,19,0.3684,media,-0.867223,41.636667,2026-02-25 10:40:06+00:00,2026-02-28 19:22:00
161,165-Pza. Mayor,IN_SERVICE,0,19,19,0.0,baja,-0.87412,41.637905,2026-02-25 10:40:06+00:00,2026-02-28 19:22:00
160,163-La Granja: Est. Miraflores,IN_SERVICE,14,4,18,0.7778,alta,-0.86953,41.634213,2026-02-25 10:40:06+00:00,2026-02-28 19:22:00
159,159-Parq. La Granja: Galiay,IN_SERVICE,0,15,15,0.0,baja,-0.87062,41.636665,2026-02-25 10:40:06+00:00,2026-02-28 19:22:00
158,172-Ruiseñores: Cejador Frauca,IN_SERVICE,0,20,20,0.0,baja,-0.890443,41.63563,2026-02-25 10:40:06+00:00,2026-02-28 19:22:00
157,171-Parq. Pignatelli,IN_SERVICE,1,17,18,0.0556,baja,-0.885593,41.635899,2026-02-25 10:40:06+00:00,2026-02-28 19:22:00
156,169-Vicente Basanta: Melilla,IN_SERVICE,0,18,18,0.0,baja,-0.876052,41.632216,2026-02-25 10:40:06+00:00,2026-02-28 19:22:00
155,120-Asín y Palacios: El Grande,IN_SERVICE,7,11,18,0.3889,media,-0.904903,41.637018,2026-02-25 10:40:06+00:00,2026-02-28 19:22:00
154,255-Avda. Madrid: Enlaces,IN_SERVICE,1,17,18,0.0556,baja,-0.91739,41.650407,2026-02-25 10:40:06+00:00,2026-02-28 19:22:00
153,239-Parq. Sedetania: Brea,IN_SERVICE,0,19,19,0.0,baja,-0.918968,41.651922,2026-02-25 10:40:06+00:00,2026-02-28 19:22:00
152,136-Facultad Medicina,IN_SERVICE,19,0,19,1.0,alta,-0.903556,41.641551,2026-02-25 10:40:06+00:00,2026-02-28 19:22:00
151,117-J. Carlos I: Villahermosa,IN_SERVICE,0,19,19,0.0,baja,-0.911286,41.644944,2026-02-25 10:40:06+00:00,2026-02-28 19:22:00
150,276-Acuario Zaragoza,IN_SERVICE,18,1,19,0.9474,alta,-0.899527,41.668783,2026-02-25 10:40:06+00:00,2026-02-28 19:22:00
149,238-Tomás y Valiente,IN_SERVICE,10,7,17,0.5882,media,-0.916868,41.654755,2026-02-25 10:40:06+00:00,2026-02-28 19:22:00
148,236-Navarra: H. Rguez. Miñón,IN_SERVICE,1,18,19,0.0526,baja,-0.915435,41.657981,2026-02-25 10:40:06+00:00,2026-02-28 19:22:00
147,234- Parq. Aljafería: Reino,IN_SERVICE,2,17,19,0.1053,baja,-0.898086,41.65904,2026-02-25 10:40:06+00:00,2026-02-28 19:22:00
146,137-Pza. La Poesía,IN_SERVICE,10,8,18,0.5556,media,-0.875479,41.688009,2026-02-25 10:40:06+00:00,2026-02-28 19:22:00
145,131-Atarés: Siglo XXI,IN_SERVICE,16,2,18,0.8889,alta,-0.898532,41.675387,2026-02-25 10:40:06+00:00,2026-02-28 19:22:00
144,82-A. Gral. Militar: Majas Goya,IN_SERVICE,0,15,15,0.0,baja,-0.871228,41.686612,2026-02-25 10:40:06+00:00,2026-02-28 19:22:00
143,64-Parq. Poetas: León Felipe,IN_SERVICE,1,18,19,0.0526,baja,-0.882747,41.667396,2026-02-25 10:40:06+00:00,2026-02-28 19:22:00
142,261-Campus. Betancourt,IN_SERVICE,18,1,19,0.9474,alta,-0.883719,41.682881,2026-02-25 10:40:05+00:00,2026-02-28 19:22:00
141,135- Segundo Chomón,IN_SERVICE,15,4,19,0.7895,alta,-0.884086,41.676155,2026-02-25 10:40:05+00:00,2026-02-28 19:22:00
140,134-García Abril: D’Amicis,IN_SERVICE,4,14,18,0.2222,baja,-0.885924,41.678223,2026-02-25 10:40:05+00:00,2026-02-28 19:22:00
139,132-Área Autocaravanas,IN_SERVICE,26,0,26,1.0,alta,-0.890381,41.683397,2026-02-25 10:40:05+00:00,2026-02-28 19:22:00
138,268- Gran Vía: Huerva,IN_SERVICE,16,2,18,0.8889,alta,-0.890012,41.645348,2026-02-25 10:40:05+00:00,2026-02-28 19:22:00
137,191- Pza. Aragón,IN_SERVICE,21,0,21,1.0,alta,-0.885345,41.648612,2026-02-25 10:40:05+00:00,2026-02-28 19:22:00
136,160 - Jardines Montemolín,IN_SERVICE,18,1,19,0.9474,alta,-0.864986,41.638676,2026-02-25 10:40:05+00:00,2026-02-28 19:22:00
135,133- Campus. Ada Byron,IN_SERVICE,29,1,30,0.9667,alta,-0.887936,41.682941,2026-02-25 10:40:05+00:00,2026-02-28 19:22:00
134,164- Rosales: Illueca,IN_SERVICE,0,18,18,0.0,baja,-0.876043,41.639495,2026-02-25 10:40:05+00:00,2026-02-28 19:22:00
133,79- Allende: Rotellar,IN_SERVICE,1,13,14,0.0714,baja,-0.876449,41.675777,2026-02-25 10:40:05+00:00,2026-02-28 19:22:00
132,58- Valle Zuriza: Cataluña,IN_SERVICE,1,22,23,0.0435,baja,-0.869646,41.66038,2026-02-25 10:40:05+00:00,2026-02-28 19:22:00
131,48- H. Cortés: Pza. Arregui,IN_SERVICE,15,3,18,0.8333,alta,-0.890404,41.647886,2026-02-25 10:40:05+00:00,2026-02-28 19:22:00
130,198- Fleta: Rosellón,IN_SERVICE,0,18,18,0.0,baja,-0.873626,41.635738,2026-02-25 10:40:05+00:00,2026-02-28 19:22:00
129,166- Nápoles: Zaragoza La Vieja,IN_SERVICE,2,16,18,0.1111,baja,-0.875103,41.634675,2026-02-25 10:40:05+00:00,2026-02-28 19:22:00
128,161- Alierta: Cno. Junco,IN_SERVICE,19,0,19,1.0,alta,-0.864647,41.635782,2026-02-25 10:40:05+00:00,2026-02-28 19:22:00
127,158- Alierta: Dos de Enero,IN_SERVICE,0,19,19,0.0,baja,-0.871239,41.639121,2026-02-25 10:40:05+00:00,2026-02-28 19:22:00
126,269-Hosp. Infantil,IN_SERVICE,22,5,27,0.8148,alta,-0.899638,41.636288,2026-02-25 10:40:05+00:00,2026-02-28 19:22:00
125,170-Tetuán: Neptuno,IN_SERVICE,0,18,18,0.0,baja,-0.879012,41.630502,2026-02-25 10:40:05+00:00,2026-02-28 19:22:00
124,168-Pza. Uno de Mayo,IN_SERVICE,2,15,17,0.1176,baja,-0.878265,41.636341,2026-02-25 10:40:05+00:00,2026-02-28 19:22:00
123,167-Cuéllar: Vista Alegre,IN_SERVICE,4,15,19,0.2105,baja,-0.884328,41.638218,2026-02-25 10:40:05+00:00,2026-02-28 19:22:00
122,275-Biarritz: Sender,IN_SERVICE,0,18,18,0.0,baja,-0.919542,41.656526,2026-02-25 10:40:05+00:00,2026-02-28 19:22:00
121,237-Navarra: C.C. Augusta,IN_SERVICE,2,16,18,0.1111,baja,-0.919757,41.658945,2026-02-25 10:40:05+00:00,2026-02-28 19:22:00
120,235-Ferreiro: Comín Ros,IN_SERVICE,0,19,19,0.0,baja,-0.915003,41.653804,2026-02-25 10:40:05+00:00,2026-02-28 19:22:00
119,88-M.ª Callas: Casanova,IN_SERVICE,0,17,17,0.0,baja,-0.904034,41.656299,2026-02-25 10:40:05+00:00,2026-02-28 19:22:00
118,86-Almozara: Batalla Arapiles,IN_SERVICE,19,0,19,1.0,alta,-0.898931,41.663319,2026-02-25 10:40:05+00:00,2026-02-28 19:22:00
117,85-Gargallo: Jardines Atenas,IN_SERVICE,3,16,19,0.1579,baja,-0.904065,41.662164,2026-02-25 10:40:05+00:00,2026-02-28 19:22:00
116,84-Parq. Tapices Goya,IN_SERVICE,0,19,19,0.0,baja,-0.877459,41.686653,2026-02-25 10:40:05+00:00,2026-02-28 19:22:00
115,72-Zambrano: Iglesias,IN_SERVICE,3,16,19,0.1579,baja,-0.889089,41.677394,2026-02-25 10:40:05+00:00,2026-02-28 19:22:00
114,262- Pza. Sto. Domingo,IN_SERVICE,2,18,20,0.1,baja,-0.888992,41.65785,2026-02-25 10:40:05+00:00,2026-02-28 19:22:00
113,33-Echegaray: El Pilar,IN_SERVICE,15,2,17,0.8824,alta,-0.877537,41.656967,2026-02-25 10:40:05+00:00,2026-02-28 19:22:00
112,32-Hospital Provincial,IN_SERVICE,22,0,22,1.0,alta,-0.886547,41.651874,2026-02-25 10:40:05+00:00,2026-02-28 19:22:00
111,28-Pignatelli: Pza. Toros,IN_SERVICE,5,10,15,0.3333,media,-0.891671,41.655071,2026-02-25 10:40:05+00:00,2026-02-28 19:22:00
109,69-Picasso: Zamora Sarrate,IN_SERVICE,17,0,17,1.0,alta,-0.894648,41.672284,2026-02-25 10:40:05+00:00,2026-02-28 19:22:00
108,128-Calanda: Bolivia,IN_SERVICE,0,19,19,0.0,baja,-0.903418,41.650548,2026-02-25 10:40:05+00:00,2026-02-28 19:22:00
107,124-Univérsitas: Villahermosa,IN_SERVICE,7,12,19,0.3684,media,-0.907987,41.646442,2026-02-25 10:40:05+00:00,2026-02-28 19:22:00
106,116-Parq.Delicias: Ciudadela,IN_SERVICE,2,14,16,0.125,baja,-0.913462,41.648384,2026-02-25 10:40:05+00:00,2026-02-28 19:22:00
105,74-Picasso: Aleixandre,IN_SERVICE,11,5,16,0.6875,media,-0.883918,41.67307,2026-02-25 10:40:05+00:00,2026-02-28 19:22:00
104,71-Legaz Lacambra: Paz,IN_SERVICE,12,7,19,0.6316,media,-0.892882,41.676136,2026-02-25 10:40:05+00:00,2026-02-28 19:22:00
103,62-Cnos. Norte: M. Cadena,IN_SERVICE,0,18,18,0.0,baja,-0.868666,41.664956,2026-02-25 10:40:05+00:00,2026-02-28 19:22:00
102,53-Juan XXIII,IN_SERVICE,4,13,17,0.2353,baja,-0.899623,41.65499,2026-02-25 10:40:05+00:00,2026-02-28 19:22:00
101,130-Corona Aragón: Arenal,IN_SERVICE,18,0,18,1.0,alta,-0.897461,41.643822,2026-02-25 10:40:04+00:00,2026-02-28 19:22:00
100,123-Hosp. Clínico,IN_SERVICE,13,5,18,0.7222,alta,-0.904394,41.643769,2026-02-25 10:40:04+00:00,2026-02-28 19:22:00
99,122-Gmez. Laguna: Univérsitas,IN_SERVICE,16,1,17,0.9412,alta,-0.90738,41.6428,2026-02-25 10:40:04+00:00,2026-02-28 19:22:00
98,121-Auditorio,IN_SERVICE,18,0,18,1.0,alta,-0.901872,41.639171,2026-02-25 10:40:04+00:00,2026-02-28 19:22:00
97,115-Hispanidad: Atlántico,IN_SERVICE,0,18,18,0.0,baja,-0.917417,41.646722,2026-02-25 10:40:04+00:00,2026-02-28 19:22:00
96,114-Hispanidad: Villahermosa,IN_SERVICE,3,16,19,0.1579,baja,-0.915747,41.644019,2026-02-25 10:40:04+00:00,2026-02-28 19:22:00
95,113-Hispanidad: Gómez Laguna,IN_SERVICE,0,18,18,0.0,baja,-0.914205,41.640737,2026-02-25 10:40:04+00:00,2026-02-28 19:22:00
94,112-Hispanidad: Conservatorio,IN_SERVICE,15,3,18,0.8333,alta,-0.912321,41.636443,2026-02-25 10:40:04+00:00,2026-02-28 19:22:00
93,111-Hispanidad: Condes Aragón,IN_SERVICE,16,3,19,0.8421,alta,-0.909016,41.634518,2026-02-25 10:40:04+00:00,2026-02-28 19:22:00
92,110-Ciudad de Toulouse,IN_SERVICE,15,3,18,0.8333,alta,-0.904885,41.633101,2026-02-25 10:40:04+00:00,2026-02-28 19:22:00
91,109-H. Miguel Servet,IN_SERVICE,27,0,27,1.0,alta,-0.901638,41.634774,2026-02-25 10:40:04+00:00,2026-02-28 19:22:00
90,108-Emperador Carlos V,IN_SERVICE,17,0,17,1.0,alta,-0.898463,41.637885,2026-02-25 10:40:04+00:00,2026-02-28 19:22:00
89,107-Lasala: Vives,IN_SERVICE,16,2,18,0.8889,alta,-0.895381,41.638034,2026-02-25 10:40:04+00:00,2026-02-28 19:22:00
88,106-Arz. Morcillo: Soria,IN_SERVICE,1,17,18,0.0556,baja,-0.890675,41.637577,2026-02-25 10:40:04+00:00,2026-02-28 19:22:00
87,103-Lacarra Miguel: S. Vte. Mártir,IN_SERVICE,14,7,21,0.6667,media,-0.881654,41.644713,2026-02-25 10:40:04+00:00,2026-02-28 19:22:00
86,101-Dr. Iranzo: Benlliure,IN_SERVICE,5,14,19,0.2632,baja,-0.863477,41.650047,2026-02-25 10:40:04+00:00,2026-02-28 19:22:00
85,100-Pza. del Carmen,IN_SERVICE,18,0,18,1.0,alta,-0.88466,41.650953,2026-02-25 10:40:04+00:00,2026-02-28 19:22:00
84,99-Sta. Engracia,IN_SERVICE,21,2,23,0.913,alta,-0.882405,41.649154,2026-02-25 10:40:04+00:00,2026-02-28 19:22:00
83,98-Gta. Sasera,IN_SERVICE,11,11,22,0.5,media,-0.885292,41.64616,2026-02-25 10:40:04+00:00,2026-02-28 19:22:00
82,97-Constitución: Escar,IN_SERVICE,22,0,22,1.0,alta,-0.880293,41.647566,2026-02-25 10:40:04+00:00,2026-02-28 19:22:00
81,93-Matadero,IN_SERVICE,7,11,18,0.3889,media,-0.871167,41.645002,2026-02-25 10:40:04+00:00,2026-02-28 19:22:00
80,92-S. Juan Cruz: Lasala,IN_SERVICE,4,13,17,0.2353,baja,-0.890137,41.640767,2026-02-25 10:40:04+00:00,2026-02-28 19:22:00
79,91-S. Francisco: Fdo. Católico,IN_SERVICE,21,0,21,1.0,alta,-0.894435,41.641034,2026-02-25 10:40:04+00:00,2026-02-28 19:22:00
78,90-Bretón: Claret,IN_SERVICE,19,0,19,1.0,alta,-0.895136,41.644297,2026-02-25 10:40:04+00:00,2026-02-28 19:22:00
77,52-Villahermosa: F. y López,IN_SERVICE,1,18,19,0.0526,baja,-0.90232,41.648133,2026-02-25 10:40:04+00:00,2026-02-28 19:22:00
76,50-S. J. Bosco: Universidad,IN_SERVICE,22,0,22,1.0,alta,-0.900297,41.644602,2026-02-25 10:40:04+00:00,2026-02-28 19:22:00
75,49-Gta. Zagríes,IN_SERVICE,7,12,19,0.3684,media,-0.893873,41.648087,2026-02-25 10:40:04+00:00,2026-02-28 19:22:00
74,46-Goya. Gracián,IN_SERVICE,14,3,17,0.8235,alta,-0.892717,41.64446,2026-02-25 10:40:04+00:00,2026-02-28 19:22:00
73,45-Gran Vía. Paraninfo,IN_SERVICE,27,0,27,1.0,alta,-0.887664,41.64652,2026-02-25 10:40:04+00:00,2026-02-28 19:22:00
72,44-Sagasta: Cno. Torres,IN_SERVICE,0,29,29,0.0,baja,-0.886541,41.640368,2026-02-25 10:40:04+00:00,2026-02-28 19:22:00
71,43-Goya: Domenech,IN_SERVICE,7,16,23,0.3043,media,-0.888013,41.642995,2026-02-25 10:40:04+00:00,2026-02-28 19:22:00
70,40-Alierta: Burriel,IN_SERVICE,1,18,19,0.0526,baja,-0.875143,41.642212,2026-02-25 10:40:04+00:00,2026-02-28 19:22:00
69,39-Alierta: Cno. Torres,IN_SERVICE,3,19,22,0.1364,baja,-0.877576,41.645341,2026-02-25 10:40:04+00:00,2026-02-28 19:22:00
68,38-Roger Tur,IN_SERVICE,1,17,18,0.0556,baja,-0.872296,41.647103,2026-02-25 10:40:04+00:00,2026-02-28 19:22:00
67,37-Ballesteros,IN_SERVICE,11,8,19,0.5789,media,-0.8686,41.644993,2026-02-25 10:40:04+00:00,2026-02-28 19:22:00
66,36-Silvestre Pérez,IN_SERVICE,0,19,19,0.0,baja,-0.866879,41.648449,2026-02-25 10:40:04+00:00,2026-02-28 19:22:00
65,27-CP Joaquín Costa,IN_SERVICE,14,9,23,0.6087,media,-0.891478,41.651939,2026-02-25 10:40:04+00:00,2026-02-28 19:22:00
64,26-Pta. del Carmen,IN_SERVICE,23,0,23,1.0,alta,-0.887148,41.649713,2026-02-25 10:40:04+00:00,2026-02-28 19:22:00
63,25-Plaza Los Sitios,IN_SERVICE,23,0,23,1.0,alta,-0.880017,41.648419,2026-02-25 10:40:04+00:00,2026-02-28 19:22:00
62,24-S. Pedro Nolasco,IN_SERVICE,21,0,21,1.0,alta,-0.877253,41.652651,2026-02-25 10:40:04+00:00,2026-02-28 19:22:00
61,21-Aranda: C. Augusto,IN_SERVICE,18,5,23,0.7826,alta,-0.884218,41.654317,2026-02-25 10:40:03+00:00,2026-02-28 19:22:00
60,19-Asalto. Servet,IN_SERVICE,9,13,22,0.4091,media,-0.87566,41.64899,2026-02-25 10:40:03+00:00,2026-02-28 19:22:00
59,17-Constitución: Pza. Aragón,IN_SERVICE,24,2,26,0.9231,alta,-0.88404,41.647803,2026-02-25 10:40:03+00:00,2026-02-28 19:22:00
58,16-Pza. España,IN_SERVICE,23,8,31,0.7419,alta,-0.880452,41.651947,2026-02-25 10:40:03+00:00,2026-02-28 19:22:00
57,125-Parq. Delicias: Univérsitas,IN_SERVICE,1,17,18,0.0556,baja,-0.909221,41.649024,2026-02-25 10:40:03+00:00,2026-02-28 19:22:00
56,119-Sainz Varanda: J. Carlos I,IN_SERVICE,7,11,18,0.3889,media,-0.908067,41.638702,2026-02-25 10:40:03+00:00,2026-02-28 19:22:00
55,102-Teatro Romano,IN_SERVICE,19,4,23,0.8261,alta,-0.87782,41.651245,2026-02-25 10:40:03+00:00,2026-02-28 19:22:00
54,51-Plaza Roma,IN_SERVICE,0,18,18,0.0,baja,-0.898633,41.649789,2026-02-25 10:40:03+00:00,2026-02-28 19:22:00
53,129-Graus: Unceta,IN_SERVICE,1,18,19,0.0526,baja,-0.902308,41.652618,2026-02-25 10:40:03+00:00,2026-02-28 19:22:00
51,54-Calanda: Madrid,IN_SERVICE,4,15,19,0.2105,baja,-0.904599,41.653629,2026-02-25 10:40:03+00:00,2026-02-28 19:22:00
52,126-Sanz Ibáñez: Rioja,IN_SERVICE,2,16,18,0.1111,baja,-0.910867,41.652757,2026-02-25 10:40:03+00:00,2026-02-28 19:22:00
50,15-Portillo,IN_SERVICE,0,19,19,0.0,baja,-0.897873,41.652949,2026-02-25 10:40:03+00:00,2026-02-28 19:22:00
48,47-S. Francisco: Universidad,IN_SERVICE,22,1,23,0.9565,alta,-0.896083,41.641655,2026-02-25 10:40:03+00:00,2026-02-28 19:22:00
49,61-Peña Oroel,IN_SERVICE,1,17,18,0.0556,baja,-0.873558,41.663698,2026-02-25 10:40:03+00:00,2026-02-28 19:22:00
46,29-Palacio Aljafería,IN_SERVICE,9,9,18,0.5,media,-0.896722,41.655688,2026-02-25 10:40:03+00:00,2026-02-28 19:22:00
47,42-Fleta. Uncastillo,IN_SERVICE,2,21,23,0.087,baja,-0.881092,41.639763,2026-02-25 10:40:03+00:00,2026-02-28 19:22:00
44,104-Madre Rafols: DGA,IN_SERVICE,9,10,19,0.4737,media,-0.889508,41.653612,2026-02-25 10:40:03+00:00,2026-02-28 19:22:00
45,118-J. Carlos I: Aragonia,IN_SERVICE,11,6,17,0.6471,media,-0.909145,41.641297,2026-02-25 10:40:03+00:00,2026-02-28 19:22:00
43,41-Pza. Schweitzer,IN_SERVICE,1,22,23,0.0435,baja,-0.882268,41.64242,2026-02-25 10:40:03+00:00,2026-02-28 19:22:00
41,89-Echegaray: Postigo Ebro,IN_SERVICE,2,20,22,0.0909,baja,-0.885835,41.658326,2026-02-25 10:40:03+00:00,2026-02-28 19:22:00
42,18-Beltrán Martínez,IN_SERVICE,4,18,22,0.1818,baja,-0.869749,41.651514,2026-02-25 10:40:03+00:00,2026-02-28 19:22:00
39,30-Pta. Sancho: Gargallo,IN_SERVICE,9,10,19,0.4737,media,-0.901703,41.661534,2026-02-25 10:40:03+00:00,2026-02-28 19:22:00
40,87-Aljafería: M.ª Agustín,IN_SERVICE,0,18,18,0.0,baja,-0.893695,41.657158,2026-02-25 10:40:03+00:00,2026-02-28 19:22:00
38,12-Almozara: Voluntariado,IN_SERVICE,12,7,19,0.6316,media,-0.896513,41.663514,2026-02-25 10:40:03+00:00,2026-02-28 19:22:00
36,10-Echegaray. Pte. Santiago,IN_SERVICE,15,7,22,0.6818,media,-0.881186,41.65793,2026-02-25 10:40:03+00:00,2026-02-28 19:22:00
37,11-Pza. Europa,IN_SERVICE,11,12,23,0.4783,media,-0.891484,41.659373,2026-02-25 10:40:03+00:00,2026-02-28 19:22:00
34,8-Puerta del Sol,IN_SERVICE,4,19,23,0.1739,baja,-0.870556,41.654209,2026-02-25 10:40:03+00:00,2026-02-28 19:22:00
35,9-Echegaray. Pte. Piedra,IN_SERVICE,15,8,23,0.6522,media,-0.875334,41.65596,2026-02-25 10:40:03+00:00,2026-02-28 19:22:00
33,7-Parque Tenerías,IN_SERVICE,0,22,22,0.0,baja,-0.866131,41.652734,2026-02-25 10:40:03+00:00,2026-02-28 19:22:00
31,4-Atarés: Pte. Almozara,IN_SERVICE,16,3,19,0.8421,alta,-0.888484,41.662206,2026-02-25 10:40:03+00:00,2026-02-28 19:22:00
32,3-Actur: Voluntariado,IN_SERVICE,17,1,18,0.9444,alta,-0.894471,41.667006,2026-02-25 10:40:03+00:00,2026-02-28 19:22:00
29,5-Macanaz,IN_SERVICE,2,17,19,0.1053,baja,-0.880784,41.660326,2026-02-25 10:40:03+00:00,2026-02-28 19:22:00
30,65-Intercambiador Zambrano,IN_SERVICE,11,7,18,0.6111,media,-0.886944,41.666423,2026-02-25 10:40:03+00:00,2026-02-28 19:22:00
28,66-Neruda: Celaya,IN_SERVICE,1,18,19,0.0526,baja,-0.886062,41.670316,2026-02-25 10:40:03+00:00,2026-02-28 19:22:00
27,94-Kasan,IN_SERVICE,16,3,19,0.8421,alta,-0.883663,41.66429,2026-02-25 10:40:03+00:00,2026-02-28 19:22:00
25,73-Avellaneda: Xirgu,IN_SERVICE,11,6,17,0.6471,media,-0.890945,41.67812,2026-02-25 10:40:03+00:00,2026-02-28 19:22:00
26,67-Campoamor: Grancasa,IN_SERVICE,26,4,30,0.8667,alta,-0.890071,41.66871,2026-02-25 10:40:03+00:00,2026-02-28 19:22:00
23,14-Delicias Salidas,IN_SERVICE,22,5,27,0.8148,alta,-0.908777,41.65842,2026-02-25 10:40:03+00:00,2026-02-28 19:22:00
24,13-Avda. Francia,IN_SERVICE,10,9,19,0.5263,media,-0.907297,41.662128,2026-02-25 10:40:03+00:00,2026-02-28 19:22:00
22,68-Zambrano: Saura,IN_SERVICE,4,14,18,0.2222,baja,-0.889122,41.675137,2026-02-25 10:40:03+00:00,2026-02-28 19:22:00
20,75-Salvador Allende,IN_SERVICE,11,7,18,0.6111,media,-0.87654,41.669461,2026-02-25 10:40:03+00:00,2026-02-28 19:22:00
21,6-Ribera: Pte. del Pilar,IN_SERVICE,1,27,28,0.0357,baja,-0.869681,41.656535,2026-02-25 10:40:03+00:00,2026-02-28 19:22:00
19,78-Jardines Concordia,IN_SERVICE,5,14,19,0.2632,baja,-0.87137,41.674006,2026-02-25 10:40:03+00:00,2026-02-28 19:22:00
17,59-Plaza Mozart,IN_SERVICE,1,17,18,0.0556,baja,-0.865633,41.661764,2026-02-25 10:40:03+00:00,2026-02-28 19:22:00
18,76-S. Juan Peña: Juslibol,IN_SERVICE,15,3,18,0.8333,alta,-0.871291,41.670201,2026-02-25 10:40:03+00:00,2026-02-28 19:22:00
16,55-M. Cadena: M. Asso,IN_SERVICE,0,19,19,0.0,baja,-0.861724,41.658817,2026-02-25 10:40:03+00:00,2026-02-28 19:22:00
14,56-Oriente: Betoré,IN_SERVICE,4,14,18,0.2222,baja,-0.85893,41.655509,2026-02-25 10:40:03+00:00,2026-02-28 19:22:00
15,95-Longares: Fuendejalón,IN_SERVICE,0,19,19,0.0,baja,-0.865348,41.659017,2026-02-25 10:40:03+00:00,2026-02-28 19:22:00
12,23-Ribera. Azud,IN_SERVICE,6,9,15,0.4,media,-0.857962,41.653105,2026-02-25 10:40:03+00:00,2026-02-28 19:22:00
13,57-Sobrarbe: Ribera,IN_SERVICE,1,16,17,0.0588,baja,-0.874258,41.658825,2026-02-25 10:40:03+00:00,2026-02-28 19:22:00
11,80-Academia Gral: Allende,IN_SERVICE,1,17,18,0.0556,baja,-0.871342,41.677962,2026-02-25 10:40:03+00:00,2026-02-28 19:22:00
9,34-Coso Bajo,IN_SERVICE,8,20,28,0.2857,baja,-0.873599,41.651683,2026-02-25 10:40:03+00:00,2026-02-28 19:22:00
10,77-Allende: Picasso,IN_SERVICE,3,16,19,0.1579,baja,-0.877327,41.673599,2026-02-25 10:40:03+00:00,2026-02-28 19:22:00
7,83-Majas de Goya,IN_SERVICE,0,19,19,0.0,baja,-0.874356,41.686653,2026-02-25 10:40:03+00:00,2026-02-28 19:22:00
8,31-Gargallo: Parq. Aljafería,IN_SERVICE,4,13,17,0.2353,baja,-0.896579,41.66014,2026-02-25 10:40:03+00:00,2026-02-28 19:22:00
5,70-Picasso: Zambrano,IN_SERVICE,8,11,19,0.4211,media,-0.888852,41.672891,2026-02-25 10:40:03+00:00,2026-02-28 19:22:00
6,60-Bielsa: Cnos. Norte,IN_SERVICE,2,17,19,0.1053,baja,-0.870019,41.662435,2026-02-25 10:40:03+00:00,2026-02-28 19:22:00
4,2-Pabellón Aragón,IN_SERVICE,18,0,18,1.0,alta,-0.898397,41.671304,2026-02-25 10:40:03+00:00,2026-02-28 19:22:00
3,81-Tauromaquia,IN_SERVICE,0,16,16,0.0,baja,-0.871161,41.682698,2026-02-25 10:40:03+00:00,2026-02-28 19:22:00
2,1-Palacio Congresos,IN_SERVICE,19,0,19,1.0,alta,-0.903723,41.669967,2026-02-25 10:40:03+00:00,2026-02-28 19:22:00
