station_id,station_name,bikes,slots,capacity,ratio_ocupacion,ocupacion_categoria,status,lon,lat,lastUpdated,timestamp
279,193- Pza. La Ermita,4,15,19,0.21052631578947367,baja,IN_SERVICE,-0.911215893796391,41.63149540266168,2026-03-01T22:30:08,2026-03-01 22:30:00
278,270- Delicias Autobuses,0,19,19,0.0,baja,IN_SERVICE,-0.9107841716732368,41.65951733457972,2026-03-01T22:30:08,2026-03-01 22:30:00
277,150- Mrio. Siresa: Dr. Iranzo,16,1,17,0.9411764705882353,alta,IN_SERVICE,-0.8640994330671391,41.64758556666017,2026-03-01T22:30:08,2026-03-01 22:30:00
274,190- Puerto Venecia Este,11,30,41,0.2682926829268293,baja,IN_SERVICE,-0.8839534538042806,41.608224994661036,2026-03-01T22:30:08,2026-03-01 22:30:00
273,224- Manuel Viola,7,12,19,0.3684210526315789,media,IN_SERVICE,-0.8572951323768558,41.65913942351104,2026-03-01T22:30:08,2026-03-01 22:30:00
272,189- Puerto Venecia Oeste,3,35,38,0.07894736842105263,baja,IN_SERVICE,-0.8902124489013109,41.60877210082242,2026-03-01T22:30:08,2026-03-01 22:30:00
271,142- Ávila: Valencia,14,4,18,0.7777777777777778,alta,IN_SERVICE,-0.8968334918152501,41.64652013115736,2026-03-01T22:30:08,2026-03-01 22:30:00
270,22- Delicias Llegadas,0,19,19,0.0,baja,IN_SERVICE,-0.913847189161412,41.658983382847985,2026-03-01T22:30:08,2026-03-01 22:30:00
269,263- Avda. Real Zaragoza,3,16,19,0.15789473684210525,baja,IN_SERVICE,-0.8231029472475299,41.66701678651185,2026-03-01T22:30:08,2026-03-01 22:30:00
268,147- Norte: Iglesia,2,17,19,0.10526315789473684,baja,IN_SERVICE,-0.8302978773560052,41.66935191352421,2026-03-01T22:30:08,2026-03-01 22:30:00
267,144- Ostáriz Forcén: Brazal,6,13,19,0.3157894736842105,baja,IN_SERVICE,-0.8337718804215201,41.66913097745111,2026-03-01T22:30:08,2026-03-01 22:30:00
266,143- Sta. Isabel: Víctor Jara,1,22,23,0.043478260869565216,baja,IN_SERVICE,-0.838465868962357,41.669403062666184,2026-03-01T22:30:08,2026-03-01 22:30:00
265,232- Cañones Zaragoza: Tella,3,15,18,0.16666666666666666,baja,IN_SERVICE,-0.9531211830348201,41.6223780558272,2026-03-01T22:30:08,2026-03-01 22:30:00
264,222- Americano París: Jard. Alá,1,17,18,0.05555555555555555,baja,IN_SERVICE,-0.9361697642129491,41.624186205977644,2026-03-01T22:30:08,2026-03-01 22:30:00
263,146- Pza. Serrano Berges,6,11,17,0.35294117647058826,media,IN_SERVICE,-0.8313169429906001,41.666918937024626,2026-03-01T22:30:08,2026-03-01 22:30:00
262,145- Avda. Estudiantes,6,12,18,0.3333333333333333,media,IN_SERVICE,-0.8306637976598387,41.672255914400246,2026-03-01T22:30:08,2026-03-01 22:30:00
261,227- Patio Naranjos: Rolando,2,17,19,0.10526315789473684,baja,IN_SERVICE,-0.9488981715292475,41.622608991544055,2026-03-01T22:30:08,2026-03-01 22:30:00
260,217- Isla Tesoro: Resplandor,11,8,19,0.5789473684210527,media,IN_SERVICE,-0.9273430932156915,41.624555661698274,2026-03-01T22:30:08,2026-03-01 22:30:00
259,215- Veracruz: Manhattan,14,5,19,0.7368421052631579,alta,IN_SERVICE,-0.9274201817112727,41.62112366990486,2026-03-01T22:30:08,2026-03-01 22:30:00
258,213- Pza. Edad de Oro,8,11,19,0.42105263157894735,media,IN_SERVICE,-0.9250562865567249,41.61693164285496,2026-03-01T22:30:08,2026-03-01 22:30:00
257,221- Casablanca: L. Schindler,7,12,19,0.3684210526315789,media,IN_SERVICE,-0.9339133828698744,41.62140797741293,2026-03-01T22:30:08,2026-03-01 22:30:00
256,220- Isla del Tesoro: Titanic,2,19,21,0.09523809523809523,baja,IN_SERVICE,-0.931042306456301,41.62539253596689,2026-03-01T22:30:08,2026-03-01 22:30:00
255,219- Tomás Lezáun: Ilustración,9,10,19,0.47368421052631576,media,IN_SERVICE,-0.9318129640815486,41.62979171872327,2026-03-01T22:30:08,2026-03-01 22:30:00
254,218- Desayuno Diamantes,5,12,17,0.29411764705882354,baja,IN_SERVICE,-0.9297847573814216,41.62296438187673,2026-03-01T22:30:08,2026-03-01 22:30:00
253,233- 21 de Junio: Miguelete,3,15,18,0.16666666666666666,baja,IN_SERVICE,-0.9577181046417469,41.62564811933119,2026-03-01T22:30:08,2026-03-01 22:30:00
252,231- Heroínas Sitios: Gómara,5,14,19,0.2631578947368421,baja,IN_SERVICE,-0.9623230609168998,41.62757418559399,2026-03-01T22:30:08,2026-03-01 22:30:00
251,216- Ilustración: Jovellanos,6,12,18,0.3333333333333333,media,IN_SERVICE,-0.9259200120115296,41.627636633804855,2026-03-01T22:30:08,2026-03-01 22:30:00
250,212- Los Olvidados: Shangai,8,9,17,0.47058823529411764,media,IN_SERVICE,-0.9225752387980065,41.618660601860846,2026-03-01T22:30:08,2026-03-01 22:30:00
249,230- Beethoven: Schubert,12,7,19,0.631578947368421,media,IN_SERVICE,-0.9483507318856432,41.63961395079369,2026-03-01T22:30:08,2026-03-01 22:30:00
248,214- Ciud. Kane: Los Pájaros,0,19,19,0.0,baja,IN_SERVICE,-0.9237901619160878,41.621708613864605,2026-03-01T22:30:08,2026-03-01 22:30:00
247,211- Los Olvidados: Mercado,5,12,17,0.29411764705882354,baja,IN_SERVICE,-0.9197761520354896,41.62188955284486,2026-03-01T22:30:08,2026-03-01 22:30:00
246,229- J. Rodrigo: Beethoven ,7,12,19,0.3684210526315789,media,IN_SERVICE,-0.9459097682992118,41.63808291655291,2026-03-01T22:30:08,2026-03-01 22:30:00
245,228- Wagner: Beethoven,3,16,19,0.15789473684210525,baja,IN_SERVICE,-0.9453388663772606,41.63425491527208,2026-03-01T22:30:08,2026-03-01 22:30:00
244,226- Camping Rosales,3,15,18,0.16666666666666666,baja,IN_SERVICE,-0.9433667612584068,41.63822987753581,2026-03-01T22:30:08,2026-03-01 22:30:00
243,225- Ilustración: Mesta,10,9,19,0.5263157894736842,media,IN_SERVICE,-0.9412059678206817,41.630116860563135,2026-03-01T22:30:08,2026-03-01 22:30:00
242,223- Ilustración 21,1,18,19,0.05263157894736842,baja,IN_SERVICE,-0.9357219623146855,41.630055777486206,2026-03-01T22:30:08,2026-03-01 22:30:00
241,200- Pza. Bámbola,1,18,19,0.05263157894736842,baja,IN_SERVICE,-0.9177081230991517,41.62290951943915,2026-03-01T22:30:08,2026-03-01 22:30:00
240,199- Argualas: Sabocos,0,18,18,0.0,baja,IN_SERVICE,-0.9120630355238019,41.62602942736948,2026-03-01T22:30:08,2026-03-01 22:30:00
239,197- Vía Ibérica: Cno. Almotilla,0,19,19,0.0,baja,IN_SERVICE,-0.9115640907568573,41.623857424526236,2026-03-01T22:30:08,2026-03-01 22:30:00
238,244- Gmez. Laguna: Hayedo,1,18,19,0.05263157894736842,baja,IN_SERVICE,-0.9173226928526012,41.639601478005595,2026-03-01T22:30:08,2026-03-01 22:30:00
237,196- Argualas: El Greco,9,10,19,0.47368421052631576,media,IN_SERVICE,-0.9150130045809053,41.627379469124456,2026-03-01T22:30:08,2026-03-01 22:30:00
236,192- Olivar: Quirón,5,13,18,0.2777777777777778,baja,IN_SERVICE,-0.920950937805192,41.63026955298275,2026-03-01T22:30:08,2026-03-01 22:30:00
235,248- Orión: Ozanam,7,10,17,0.4117647058823529,media,IN_SERVICE,-0.9339246723984655,41.64120872770986,2026-03-01T22:30:08,2026-03-01 22:30:00
234,246- Pza. Armonía,2,17,19,0.10526315789473684,baja,IN_SERVICE,-0.9327657592092583,41.63778571698861,2026-03-01T22:30:08,2026-03-01 22:30:00
233,195- Sagrada Familia,11,8,19,0.5789473684210527,media,IN_SERVICE,-0.9108709535664924,41.629155402525456,2026-03-01T22:30:08,2026-03-01 22:30:00
232,194- Parq. Los Incrédulos,4,14,18,0.2222222222222222,baja,IN_SERVICE,-0.9082899324118487,41.62984936187919,2026-03-01T22:30:08,2026-03-01 22:30:00
231,272- S. Juan B. Salle: Piquero,13,5,18,0.7222222222222222,alta,IN_SERVICE,-0.9412468119697248,41.63615984932041,2026-03-01T22:30:07,2026-03-01 22:30:00
230,252- Estrellas: Orión,1,15,16,0.0625,baja,IN_SERVICE,-0.9344436261833196,41.64302573195046,2026-03-01T22:30:07,2026-03-01 22:30:00
229,249- Pza. Inmaculada,13,4,17,0.7647058823529411,alta,IN_SERVICE,-0.9305637032438558,41.639847679243616,2026-03-01T22:30:07,2026-03-01 22:30:00
228,247- Centauro: Argos,8,11,19,0.42105263157894735,media,IN_SERVICE,-0.9304718055603102,41.6358746859708,2026-03-01T22:30:07,2026-03-01 22:30:00
227,245- Campillo Llerena,12,5,17,0.7058823529411765,alta,IN_SERVICE,-0.9240977416059107,41.63804158449049,2026-03-01T22:30:07,2026-03-01 22:30:00
226,254- Leyva: Anillo Verde,0,19,19,0.0,baja,IN_SERVICE,-0.9249703927286909,41.651617569363324,2026-03-01T22:30:07,2026-03-01 22:30:00
225,250- Biel: Hortensia,9,10,19,0.47368421052631576,media,IN_SERVICE,-0.9252926698212565,41.640885596754316,2026-03-01T22:30:07,2026-03-01 22:30:00
224,243- Anillo Verde: Rguez. Ayuso,8,10,18,0.4444444444444444,media,IN_SERVICE,-0.9240695578312155,41.64517056911978,2026-03-01T22:30:07,2026-03-01 22:30:00
223,273- Cáncer: Camisera,5,14,19,0.2631578947368421,baja,IN_SERVICE,-0.9296773617746454,41.65304363854252,2026-03-01T22:30:07,2026-03-01 22:30:00
222,256- Parq. Oeste: S. A. Magno,9,10,19,0.47368421052631576,media,IN_SERVICE,-0.9297674464013856,41.64976764669047,2026-03-01T22:30:07,2026-03-01 22:30:00
221,204- Leyva: S. Alberto Magno,6,13,19,0.3157894736842105,baja,IN_SERVICE,-0.9297633977424707,41.651653642734324,2026-03-01T22:30:07,2026-03-01 22:30:00
219,257- Bosqued: Pasteur,8,10,18,0.4444444444444444,media,IN_SERVICE,-0.9214914086596933,41.6508325177247,2026-03-01T22:30:07,2026-03-01 22:30:00
218,253- Rguez. Ayuso 58,4,15,19,0.21052631578947367,baja,IN_SERVICE,-0.9231405115838491,41.64691955124167,2026-03-01T22:30:07,2026-03-01 22:30:00
217,242- Rguez. Ayuso: Enlaces,0,16,16,0.0,baja,IN_SERVICE,-0.9193154400133252,41.649511487223386,2026-03-01T22:30:07,2026-03-01 22:30:00
216,240- Hispanidad: Rallo Lahoz,3,15,18,0.16666666666666666,baja,IN_SERVICE,-0.9208853021540783,41.654934499699706,2026-03-01T22:30:07,2026-03-01 22:30:00
215,274- Cno. Pilón: Pz. Peñetas,15,4,19,0.7894736842105263,alta,IN_SERVICE,-0.9432892301799364,41.658791835950936,2026-03-01T22:30:07,2026-03-01 22:30:00
214,260- Ibón Armeña: Cno. Pilón,4,14,18,0.2222222222222222,baja,IN_SERVICE,-0.9334952122501383,41.65901968487506,2026-03-01T22:30:07,2026-03-01 22:30:00
213,259- Cno. Pilón: Oriz García,17,2,19,0.8947368421052632,alta,IN_SERVICE,-0.9285562225049129,41.658387610241164,2026-03-01T22:30:07,2026-03-01 22:30:00
212,241- A. Príncipe: Anillo Verde,1,17,18,0.05555555555555555,baja,IN_SERVICE,-0.9242563555609608,41.65302455545886,2026-03-01T22:30:07,2026-03-01 22:30:00
211,251- Millán Serrano: Orquídea,15,2,17,0.8823529411764706,alta,IN_SERVICE,-0.9288596317041239,41.64253864772886,2026-03-01T22:30:07,2026-03-01 22:30:00
210,208- Ibón Plan: Cno. Pilón,12,6,18,0.6666666666666666,alta,IN_SERVICE,-0.9378912116566979,41.6592517520122,2026-03-01T22:30:07,2026-03-01 22:30:00
209,207- Cno. Pilón: Orozco,7,11,18,0.3888888888888889,media,IN_SERVICE,-0.9410222310821494,41.6586488013727,2026-03-01T22:30:07,2026-03-01 22:30:00
208,205- Lagos Alba: Trigoniero,2,17,19,0.10526315789473684,baja,IN_SERVICE,-0.9310501677976414,41.6606256439584,2026-03-01T22:30:07,2026-03-01 22:30:00
207,202- Lagos Coronas: Camisera,5,13,18,0.2777777777777778,baja,IN_SERVICE,-0.9344363457058763,41.653894709789554,2026-03-01T22:30:07,2026-03-01 22:30:00
206,210- Rda. Hispanidad: Tiziano,3,16,19,0.15789473684210525,baja,IN_SERVICE,-0.8762521418442959,41.620298836457216,2026-03-01T22:30:07,2026-03-01 22:30:00
205,209- Puente Los Suspiros,2,17,19,0.10526315789473684,baja,IN_SERVICE,-0.875333196875731,41.61810282558843,2026-03-01T22:30:07,2026-03-01 22:30:00
204,203- Lagos Llosas: Solana,12,4,16,0.75,alta,IN_SERVICE,-0.9292711229593477,41.6622786131425,2026-03-01T22:30:07,2026-03-01 22:30:00
203,187- Pza. Marco Polo,4,15,19,0.21052631578947367,baja,IN_SERVICE,-0.8735601469106721,41.61998279100618,2026-03-01T22:30:07,2026-03-01 22:30:00
202,188- Pza. San Marcos,5,14,19,0.2631578947368421,baja,IN_SERVICE,-0.8730975866002242,41.61571593486499,2026-03-01T22:30:07,2026-03-01 22:30:00
201,186- Cuarta Avenida: Magaña,3,15,18,0.16666666666666666,baja,IN_SERVICE,-0.8760670230556169,41.6249428229344,2026-03-01T22:30:07,2026-03-01 22:30:00
200,185- Cuarta Avenida: Montecarlo,3,16,19,0.15789473684210525,baja,IN_SERVICE,-0.878967031269604,41.62474487311151,2026-03-01T22:30:07,2026-03-01 22:30:00
199,180- V. Huarte: Barbastro,7,12,19,0.3684210526315789,media,IN_SERVICE,-0.8916469807419014,41.62725708502628,2026-03-01T22:30:07,2026-03-01 22:30:00
198,179-Fray J. Garcés: Lerga Luna,7,16,23,0.30434782608695654,baja,IN_SERVICE,-0.8882169806738953,41.62711502649904,2026-03-01T22:30:07,2026-03-01 22:30:00
197,178- Pinar: Cuarte,3,14,17,0.17647058823529413,baja,IN_SERVICE,-0.8909149205966849,41.629573067323854,2026-03-01T22:30:07,2026-03-01 22:30:00
196,177- Fray J. Garcés: Boente,2,16,18,0.1111111111111111,baja,IN_SERVICE,-0.8874739115748946,41.62978200782028,2026-03-01T22:30:07,2026-03-01 22:30:00
195,174- Octavio Toledo: Buenavista,7,9,16,0.4375,media,IN_SERVICE,-0.8906998542167698,41.63215405789449,2026-03-01T22:30:07,2026-03-01 22:30:00
194,201-Lagos Coronas: Leyva,15,2,17,0.8823529411764706,alta,IN_SERVICE,-0.9331894194151756,41.650978696614494,2026-03-01T22:30:07,2026-03-01 22:30:00
193,184- Cuarta Avenida: Oviedo,5,13,18,0.2777777777777778,baja,IN_SERVICE,-0.883013001636762,41.62607593954207,2026-03-01T22:30:07,2026-03-01 22:30:00
192,183- Corazón de Jesús: Padua,4,11,15,0.26666666666666666,baja,IN_SERVICE,-0.8757169389882021,41.62821980961275,2026-03-01T22:30:07,2026-03-01 22:30:00
191,182- Parq. La Paz,5,13,18,0.2777777777777778,baja,IN_SERVICE,-0.8793219543176084,41.627770872452636,2026-03-01T22:30:07,2026-03-01 22:30:00
190,181-Castellar: Lasierra Purroy,5,14,19,0.2631578947368421,baja,IN_SERVICE,-0.8839119364968392,41.62865994920861,2026-03-01T22:30:07,2026-03-01 22:30:00
189,206-Lagos Coronas: Astún,1,16,17,0.058823529411764705,baja,IN_SERVICE,-0.934070638604036,41.65686413812495,2026-03-01T22:30:07,2026-03-01 22:30:00
188,258- Parq. Maska: Rallo Lahoz,3,16,19,0.15789473684210525,baja,IN_SERVICE,-0.9269232814684426,41.656024590083184,2026-03-01T22:30:07,2026-03-01 22:30:00
187,176-Tierno Galván: S. Ramírez,4,15,19,0.21052631578947367,baja,IN_SERVICE,-0.8819178467597438,41.63208490735756,2026-03-01T22:30:07,2026-03-01 22:30:00
186,175-Pza. Las Canteras,4,15,19,0.21052631578947367,baja,IN_SERVICE,-0.885460855776778,41.63187796861145,2026-03-01T22:30:07,2026-03-01 22:30:00
185,173-Pignatelli: Ruiz Tapiador,3,16,19,0.15789473684210525,baja,IN_SERVICE,-0.8883928201769169,41.63338801555694,2026-03-01T22:30:07,2026-03-01 22:30:00
184,105-Dr. Horno: Sacramento,1,17,18,0.05555555555555555,baja,IN_SERVICE,-0.8910594141229302,41.64933002569201,2026-03-01T22:30:07,2026-03-01 22:30:00
183,96-Pomarón: Pº La Mina ,8,13,21,0.38095238095238093,media,IN_SERVICE,-0.8773294383955962,41.64787079317523,2026-03-01T22:30:07,2026-03-01 22:30:00
182,141-Cataluña: Aguas Vivas,6,13,19,0.3157894736842105,baja,IN_SERVICE,-0.846173849352534,41.6698782024768,2026-03-01T22:30:06,2026-03-01 22:30:00
181,140-Cataluña: I. Sto. Domingo,2,17,19,0.10526315789473684,baja,IN_SERVICE,-0.8528589113567429,41.66751432817755,2026-03-01T22:30:06,2026-03-01 22:30:00
180,139-Cataluña: Sta. Fe,11,4,15,0.7333333333333333,alta,IN_SERVICE,-0.8560989608204781,41.665812387689726,2026-03-01T22:30:06,2026-03-01 22:30:00
179,63-Broto: Guara,9,8,17,0.5294117647058824,media,IN_SERVICE,-0.873534958986436,41.66642268593656,2026-03-01T22:30:06,2026-03-01 22:30:00
178,264-Burriel: Zapater,9,8,17,0.5294117647058824,media,IN_SERVICE,-0.8552551900560873,41.65680339381106,2026-03-01T22:30:06,2026-03-01 22:30:00
177,149-Felisa Galé: Orensanz,11,14,25,0.44,media,IN_SERVICE,-0.8590610993503737,41.66049645074604,2026-03-01T22:30:06,2026-03-01 22:30:00
176,148-Felisa Galé: Oto,6,11,17,0.35294117647058826,media,IN_SERVICE,-0.860845040914779,41.66284947601637,2026-03-01T22:30:06,2026-03-01 22:30:00
175,138-Rda. Hispanidad: Cataluña,6,12,18,0.3333333333333333,media,IN_SERVICE,-0.8578960028553524,41.664243422155344,2026-03-01T22:30:06,2026-03-01 22:30:00
174,271-Cosuenda: Longares,7,11,18,0.3888888888888889,media,IN_SERVICE,-0.8632782120554363,41.65622253293627,2026-03-01T22:30:06,2026-03-01 22:30:00
173,152-La Amistad: F. Luis Urbano,13,3,16,0.8125,alta,IN_SERVICE,-0.8586834441474457,41.64694847512697,2026-03-01T22:30:06,2026-03-01 22:30:00
172,151-Minguijón: Rebolledo,7,11,18,0.3888888888888889,media,IN_SERVICE,-0.861892469323778,41.646080532184165,2026-03-01T22:30:06,2026-03-01 22:30:00
171,35-Comuneros: Minguijón,12,6,18,0.6666666666666666,alta,IN_SERVICE,-0.8608453506286504,41.65069950372082,2026-03-01T22:30:06,2026-03-01 22:30:00
170,265- Batalla Pavía: Caspe,3,14,17,0.17647058823529413,baja,IN_SERVICE,-0.8663664879004755,41.64552061025646,2026-03-01T22:30:06,2026-03-01 22:30:00
169,156-F. Luis Urbano: Caspe,4,15,19,0.21052631578947367,baja,IN_SERVICE,-0.8591904913881416,41.64511248799829,2026-03-01T22:30:06,2026-03-01 22:30:00
168,154-Torre Ramona: Dr. Iranzo,19,0,19,1.0,alta,IN_SERVICE,-0.8642665245794857,41.64400257764307,2026-03-01T22:30:06,2026-03-01 22:30:00
167,153- Torre Ramona: Higuera,9,9,18,0.5,media,IN_SERVICE,-0.8606805493737747,41.642892518605855,2026-03-01T22:30:06,2026-03-01 22:30:00
166,266-Pza. Utrillas,10,8,18,0.5555555555555556,media,IN_SERVICE,-0.866803620679205,41.64033162948346,2026-03-01T22:30:06,2026-03-01 22:30:00
165,162-Veterinaria,14,9,23,0.6086956521739131,media,IN_SERVICE,-0.861144773469324,41.63411154641536,2026-03-01T22:30:06,2026-03-01 22:30:00
164,157-Pza. F. Aguayo,16,3,19,0.8421052631578947,alta,IN_SERVICE,-0.8690315968921235,41.64135066542332,2026-03-01T22:30:06,2026-03-01 22:30:00
163,155-Yolanda Bar: M.ª Aragón,10,9,19,0.5263157894736842,media,IN_SERVICE,-0.8634556050199722,41.64081557093181,2026-03-01T22:30:06,2026-03-01 22:30:00
162,267-Príncipe Felipe,4,14,18,0.2222222222222222,baja,IN_SERVICE,-0.8672227145679118,41.63666664493681,2026-03-01T22:30:06,2026-03-01 22:30:00
161,165-Pza. Mayor,12,4,16,0.75,alta,IN_SERVICE,-0.87411968995902,41.637904760505684,2026-03-01T22:30:06,2026-03-01 22:30:00
160,163-La Granja: Est. Miraflores,1,15,16,0.0625,baja,IN_SERVICE,-0.8695297795209618,41.63421269004176,2026-03-01T22:30:06,2026-03-01 22:30:00
159,159-Parq. La Granja: Galiay,1,13,14,0.07142857142857142,baja,IN_SERVICE,-0.8706197180700639,41.63666470323128,2026-03-01T22:30:06,2026-03-01 22:30:00
158,172-Ruiseñores: Cejador Frauca,10,8,18,0.5555555555555556,media,IN_SERVICE,-0.8904427648487705,41.635630045741,2026-03-01T22:30:06,2026-03-01 22:30:00
157,171-Parq. Pignatelli,10,5,15,0.6666666666666666,alta,IN_SERVICE,-0.8855927529610731,41.63589896190072,2026-03-01T22:30:06,2026-03-01 22:30:00
156,169-Vicente Basanta: Melilla,4,15,19,0.21052631578947367,baja,IN_SERVICE,-0.8760518372708501,41.6322158064194,2026-03-01T22:30:06,2026-03-01 22:30:00
155,120-Asín y Palacios: El Grande,7,11,18,0.3888888888888889,media,IN_SERVICE,-0.9049027441218307,41.63701829086975,2026-03-01T22:30:06,2026-03-01 22:30:00
154,255-Avda. Madrid: Enlaces,5,13,18,0.2777777777777778,baja,IN_SERVICE,-0.9173904145361083,41.65040745582944,2026-03-01T22:30:06,2026-03-01 22:30:00
153,239-Parq. Sedetania: Brea,10,8,18,0.5555555555555556,media,IN_SERVICE,-0.9189683774407126,41.65192247674551,2026-03-01T22:30:06,2026-03-01 22:30:00
152,136-Facultad Medicina,9,10,19,0.47368421052631576,media,IN_SERVICE,-0.9035556261679814,41.6415512576758,2026-03-01T22:30:06,2026-03-01 22:30:00
151,117-J. Carlos I: Villahermosa,5,14,19,0.2631578947368421,baja,IN_SERVICE,-0.9112855476831458,41.644944374342344,2026-03-01T22:30:06,2026-03-01 22:30:00
150,276-Acuario Zaragoza,5,13,18,0.2777777777777778,baja,IN_SERVICE,-0.8995269175564102,41.66878312726559,2026-03-01T22:30:06,2026-03-01 22:30:00
149,238-Tomás y Valiente,0,19,19,0.0,baja,IN_SERVICE,-0.9168683018317494,41.65475543844441,2026-03-01T22:30:06,2026-03-01 22:30:00
148,236-Navarra: H. Rguez. Miñón,1,15,16,0.0625,baja,IN_SERVICE,-0.9154352169244516,41.657981409442314,2026-03-01T22:30:06,2026-03-01 22:30:00
147,234- Parq. Aljafería: Reino,14,4,18,0.7777777777777778,alta,IN_SERVICE,-0.8980861712588792,41.65904012462028,2026-03-01T22:30:06,2026-03-01 22:30:00
146,137-Pza. La Poesía,9,9,18,0.5,media,IN_SERVICE,-0.8754793716992237,41.688008669838105,2026-03-01T22:30:06,2026-03-01 22:30:00
145,131-Atarés: Siglo XXI,9,10,19,0.47368421052631576,media,IN_SERVICE,-0.8985317377671649,41.675387094869166,2026-03-01T22:30:06,2026-03-01 22:30:00
144,82-A. Gral. Militar: Majas Goya,4,10,14,0.2857142857142857,baja,IN_SERVICE,-0.871228405487447,41.68661160009993,2026-03-01T22:30:06,2026-03-01 22:30:00
143,64-Parq. Poetas: León Felipe,7,11,18,0.3888888888888889,media,IN_SERVICE,-0.8827469404370398,41.667395842036996,2026-03-01T22:30:06,2026-03-01 22:30:00
142,261-Campus. Betancourt,4,15,19,0.21052631578947367,baja,IN_SERVICE,-0.8837185198653915,41.68288082310087,2026-03-01T22:30:06,2026-03-01 22:30:00
141,135- Segundo Chomón,12,6,18,0.6666666666666666,alta,IN_SERVICE,-0.8840857032949051,41.676154844918386,2026-03-01T22:30:06,2026-03-01 22:30:00
140,134-García Abril: D’Amicis,18,1,19,0.9473684210526315,alta,IN_SERVICE,-0.8859236487796459,41.67822287172095,2026-03-01T22:30:06,2026-03-01 22:30:00
139,132-Área Autocaravanas,14,11,25,0.56,media,IN_SERVICE,-0.8903805124970775,41.683396936292944,2026-03-01T22:30:06,2026-03-01 22:30:00
138,268- Gran Vía: Huerva,4,13,17,0.23529411764705882,baja,IN_SERVICE,-0.8900115152512829,41.64534801662172,2026-03-01T22:30:06,2026-03-01 22:30:00
137,191- Pza. Aragón,0,22,22,0.0,baja,IN_SERVICE,-0.8853454270813805,41.648611929165305,2026-03-01T22:30:06,2026-03-01 22:30:00
136,160 - Jardines Montemolín,8,9,17,0.47058823529411764,media,IN_SERVICE,-0.8649856610887362,41.638675602021515,2026-03-01T22:30:05,2026-03-01 22:30:00
135,133- Campus. Ada Byron,4,27,31,0.12903225806451613,baja,IN_SERVICE,-0.8879355224421319,41.68294089536773,2026-03-01T22:30:05,2026-03-01 22:30:00
134,164- Rosales: Illueca,17,2,19,0.8947368421052632,alta,IN_SERVICE,-0.8760426512715722,41.63949478993624,2026-03-01T22:30:05,2026-03-01 22:30:00
133,79- Allende: Rotellar,15,0,15,1.0,alta,IN_SERVICE,-0.8764487064209766,41.675776714608446,2026-03-01T22:30:05,2026-03-01 22:30:00
132,58- Valle Zuriza: Cataluña,12,10,22,0.5454545454545454,media,IN_SERVICE,-0.8696461116129339,41.66037963286785,2026-03-01T22:30:05,2026-03-01 22:30:00
131,48- H. Cortés: Pza. Arregui,4,14,18,0.2222222222222222,baja,IN_SERVICE,-0.8904044505388853,41.6478860176815,2026-03-01T22:30:05,2026-03-01 22:30:00
130,198- Fleta: Rosellón,12,7,19,0.631578947368421,media,IN_SERVICE,-0.8736257448022436,41.63573775689622,2026-03-01T22:30:05,2026-03-01 22:30:00
129,166- Nápoles: Zaragoza La Vieja,3,15,18,0.16666666666666666,baja,IN_SERVICE,-0.8751027734690993,41.6346747846258,2026-03-01T22:30:05,2026-03-01 22:30:00
128,161- Alierta: Cno. Junco,17,2,19,0.8947368421052632,alta,IN_SERVICE,-0.8646467345097594,41.63578160273141,2026-03-01T22:30:05,2026-03-01 22:30:00
127,158- Alierta: Dos de Enero,0,19,19,0.0,baja,IN_SERVICE,-0.8712386560065486,41.63912070832724,2026-03-01T22:30:05,2026-03-01 22:30:00
126,269-Hosp. Infantil,0,27,27,0.0,baja,IN_SERVICE,-0.8996377574546407,41.63628820210573,2026-03-01T22:30:05,2026-03-01 22:30:00
125,170-Tetuán: Neptuno,4,14,18,0.2222222222222222,baja,IN_SERVICE,-0.8790118841808221,41.63050186103624,2026-03-01T22:30:05,2026-03-01 22:30:00
124,168-Pza. Uno de Mayo,10,8,18,0.5555555555555556,media,IN_SERVICE,-0.8782647341397511,41.63634083515004,2026-03-01T22:30:05,2026-03-01 22:30:00
123,167-Cuéllar: Vista Alegre,4,15,19,0.21052631578947367,baja,IN_SERVICE,-0.8843276922921428,41.638217935003254,2026-03-01T22:30:05,2026-03-01 22:30:00
122,275-Biarritz: Sender,5,14,19,0.2631578947368421,baja,IN_SERVICE,-0.919542259457753,41.65652647567684,2026-03-01T22:30:05,2026-03-01 22:30:00
121,237-Navarra: C.C. Augusta,2,15,17,0.11764705882352941,baja,IN_SERVICE,-0.919757197346847,41.65894547379018,2026-03-01T22:30:05,2026-03-01 22:30:00
120,235-Ferreiro: Comín Ros,7,12,19,0.3684210526315789,media,IN_SERVICE,-0.915003324049732,41.65380441189772,2026-03-01T22:30:05,2026-03-01 22:30:00
119,88-M.ª Callas: Casanova,0,18,18,0.0,baja,IN_SERVICE,-0.9040335471776321,41.656299282982346,2026-03-01T22:30:05,2026-03-01 22:30:00
118,86-Almozara: Batalla Arapiles,6,11,17,0.35294117647058826,media,IN_SERVICE,-0.8989310619783376,41.663319129518406,2026-03-01T22:30:05,2026-03-01 22:30:00
117,85-Gargallo: Jardines Atenas,17,2,19,0.8947368421052632,alta,IN_SERVICE,-0.9040650962208826,41.662164220375416,2026-03-01T22:30:05,2026-03-01 22:30:00
116,84-Parq. Tapices Goya,5,14,19,0.2631578947368421,baja,IN_SERVICE,-0.8774594107423511,41.68665270694763,2026-03-01T22:30:05,2026-03-01 22:30:00
115,72-Zambrano: Iglesias,5,14,19,0.2631578947368421,baja,IN_SERVICE,-0.8890886743483184,41.677393927998104,2026-03-01T22:30:05,2026-03-01 22:30:00
114,262- Pza. Sto. Domingo,11,8,19,0.5789473684210527,media,IN_SERVICE,-0.8889921936213363,41.65784997101574,2026-03-01T22:30:05,2026-03-01 22:30:00
113,33-Echegaray: El Pilar,1,16,17,0.058823529411764705,baja,IN_SERVICE,-0.8775372059035224,41.656966776191304,2026-03-01T22:30:05,2026-03-01 22:30:00
112,32-Hospital Provincial,0,23,23,0.0,baja,IN_SERVICE,-0.8865473446211366,41.65187394247249,2026-03-01T22:30:05,2026-03-01 22:30:00
111,28-Pignatelli: Pza. Toros,6,8,14,0.42857142857142855,media,IN_SERVICE,-0.8916712673748123,41.65507102330741,2026-03-01T22:30:05,2026-03-01 22:30:00
109,69-Picasso: Zamora Sarrate,13,5,18,0.7222222222222222,alta,IN_SERVICE,-0.8946478182743711,41.67228403531476,2026-03-01T22:30:05,2026-03-01 22:30:00
108,128-Calanda: Bolivia,8,9,17,0.47058823529411764,media,IN_SERVICE,-0.9034183946011882,41.65054823527147,2026-03-01T22:30:05,2026-03-01 22:30:00
107,124-Univérsitas: Villahermosa,9,9,18,0.5,media,IN_SERVICE,-0.9079865050080477,41.64644232064199,2026-03-01T22:30:05,2026-03-01 22:30:00
106,116-Parq.Delicias: Ciudadela,7,11,18,0.3888888888888889,media,IN_SERVICE,-0.913462461792316,41.64838440009643,2026-03-01T22:30:05,2026-03-01 22:30:00
105,74-Picasso: Aleixandre,9,8,17,0.5294117647058824,media,IN_SERVICE,-0.8839177870865366,41.67306984913238,2026-03-01T22:30:05,2026-03-01 22:30:00
104,71-Legaz Lacambra: Paz,13,5,18,0.7222222222222222,alta,IN_SERVICE,-0.8928817121183743,41.67613599606389,2026-03-01T22:30:05,2026-03-01 22:30:00
103,62-Cnos. Norte: M. Cadena,9,10,19,0.47368421052631576,media,IN_SERVICE,-0.8686659938636007,41.66495560559999,2026-03-01T22:30:05,2026-03-01 22:30:00
102,53-Juan XXIII,2,17,19,0.10526315789473684,baja,IN_SERVICE,-0.8996232767898011,41.65499016012585,2026-03-01T22:30:05,2026-03-01 22:30:00
101,130-Corona Aragón: Arenal,4,13,17,0.23529411764705882,baja,IN_SERVICE,-0.8974605617293402,41.64382214795169,2026-03-01T22:30:05,2026-03-01 22:30:00
100,123-Hosp. Clínico,0,18,18,0.0,baja,IN_SERVICE,-0.9043935699531591,41.64376926713281,2026-03-01T22:30:05,2026-03-01 22:30:00
99,122-Gmez. Laguna: Univérsitas,0,17,17,0.0,baja,IN_SERVICE,-0.9073795980061832,41.64280031945037,2026-03-01T22:30:05,2026-03-01 22:30:00
98,121-Auditorio,7,11,18,0.3888888888888889,media,IN_SERVICE,-0.9018716856599049,41.63917123405179,2026-03-01T22:30:05,2026-03-01 22:30:00
97,115-Hispanidad: Atlántico,4,14,18,0.2222222222222222,baja,IN_SERVICE,-0.9174165095246262,41.646722464156774,2026-03-01T22:30:05,2026-03-01 22:30:00
96,114-Hispanidad: Villahermosa,6,12,18,0.3333333333333333,media,IN_SERVICE,-0.9157465770761246,41.64401944446897,2026-03-01T22:30:05,2026-03-01 22:30:00
95,113-Hispanidad: Gómez Laguna,15,3,18,0.8333333333333334,alta,IN_SERVICE,-0.9142046596711948,41.6407374280449,2026-03-01T22:30:05,2026-03-01 22:30:00
94,112-Hispanidad: Conservatorio,15,2,17,0.8823529411764706,alta,IN_SERVICE,-0.9123207678512443,41.636443408679966,2026-03-01T22:30:05,2026-03-01 22:30:00
93,111-Hispanidad: Condes Aragón,15,4,19,0.7894736842105263,alta,IN_SERVICE,-0.9090158132095318,41.63451836264113,2026-03-01T22:30:05,2026-03-01 22:30:00
92,110-Ciudad de Toulouse,7,9,16,0.4375,media,IN_SERVICE,-0.9048848448374402,41.63310129923846,2026-03-01T22:30:05,2026-03-01 22:30:00
91,109-H. Miguel Servet,1,25,26,0.038461538461538464,baja,IN_SERVICE,-0.9016377984287914,41.63477423979782,2026-03-01T22:30:05,2026-03-01 22:30:00
90,108-Emperador Carlos V,4,14,18,0.2222222222222222,baja,IN_SERVICE,-0.8984627152265753,41.637885178384636,2026-03-01T22:30:05,2026-03-01 22:30:00
89,107-Lasala: Vives,0,18,18,0.0,baja,IN_SERVICE,-0.8953807082526738,41.63803412514434,2026-03-01T22:30:05,2026-03-01 22:30:00
88,106-Arz. Morcillo: Soria,6,13,19,0.3157894736842105,baja,IN_SERVICE,-0.8906747151728138,41.63757704538031,2026-03-01T22:30:04,2026-03-01 22:30:00
87,103-Lacarra Miguel: S. Vte. Mártir,6,17,23,0.2608695652173913,baja,IN_SERVICE,-0.8816535233667927,41.644712874531294,2026-03-01T22:30:04,2026-03-01 22:30:00
86,101-Dr. Iranzo: Benlliure,11,5,16,0.6875,alta,IN_SERVICE,-0.8634767697209187,41.65004692038611,2026-03-01T22:30:04,2026-03-01 22:30:00
85,100-Pza. del Carmen,0,17,17,0.0,baja,IN_SERVICE,-0.8846603664525987,41.65095291213297,2026-03-01T22:30:04,2026-03-01 22:30:00
84,99-Sta. Engracia,2,20,22,0.09090909090909091,baja,IN_SERVICE,-0.882405410398926,41.649153877453664,2026-03-01T22:30:04,2026-03-01 22:30:00
83,98-Gta. Sasera,1,21,22,0.045454545454545456,baja,IN_SERVICE,-0.8852924898508896,41.64615993376501,2026-03-01T22:30:04,2026-03-01 22:30:00
82,97-Constitución: Escar,2,20,22,0.09090909090909091,baja,IN_SERVICE,-0.8802934490340197,41.64756584476009,2026-03-01T22:30:04,2026-03-01 22:30:00
81,93-Matadero,12,7,19,0.631578947368421,media,IN_SERVICE,-0.871166505784,41.64500169383246,2026-03-01T22:30:04,2026-03-01 22:30:00
80,92-S. Juan Cruz: Lasala,15,3,18,0.8333333333333334,alta,IN_SERVICE,-0.890136632840722,41.640767029020054,2026-03-01T22:30:04,2026-03-01 22:30:00
79,91-S. Francisco: Fdo. Católico,0,20,20,0.0,baja,IN_SERVICE,-0.8944346302998322,41.64103410221461,2026-03-01T22:30:04,2026-03-01 22:30:00
78,90-Bretón: Claret,3,15,18,0.16666666666666666,baja,IN_SERVICE,-0.8951355472392849,41.6442971069647,2026-03-01T22:30:04,2026-03-01 22:30:00
77,52-Villahermosa: F. y López,17,2,19,0.8947368421052632,alta,IN_SERVICE,-0.9023204556722377,41.648133221801125,2026-03-01T22:30:04,2026-03-01 22:30:00
76,50-S. J. Bosco: Universidad,12,9,21,0.5714285714285714,media,IN_SERVICE,-0.9002965444849491,41.644602194914974,2026-03-01T22:30:04,2026-03-01 22:30:00
75,49-Gta. Zagríes,13,3,16,0.8125,alta,IN_SERVICE,-0.8938734487161283,41.64808707681192,2026-03-01T22:30:04,2026-03-01 22:30:00
74,46-Goya. Gracián,12,4,16,0.75,alta,IN_SERVICE,-0.8927165406777643,41.6444600650605,2026-03-01T22:30:04,2026-03-01 22:30:00
73,45-Gran Vía. Paraninfo,0,27,27,0.0,baja,IN_SERVICE,-0.8876644829223762,41.646519973689806,2026-03-01T22:30:04,2026-03-01 22:30:00
72,44-Sagasta: Cno. Torres,16,14,30,0.5333333333333333,media,IN_SERVICE,-0.8865406394617628,41.640367968178495,2026-03-01T22:30:04,2026-03-01 22:30:00
71,43-Goya: Domenech,6,16,22,0.2727272727272727,baja,IN_SERVICE,-0.8880125736128733,41.64299498756806,2026-03-01T22:30:04,2026-03-01 22:30:00
70,40-Alierta: Burriel,12,6,18,0.6666666666666666,alta,IN_SERVICE,-0.8751425809420776,41.64221176837714,2026-03-01T22:30:04,2026-03-01 22:30:00
69,39-Alierta: Cno. Torres,4,19,23,0.17391304347826086,baja,IN_SERVICE,-0.8775755033336653,41.64534080310082,2026-03-01T22:30:04,2026-03-01 22:30:00
68,38-Roger Tur,8,10,18,0.4444444444444444,media,IN_SERVICE,-0.8722964532129502,41.64710270848823,2026-03-01T22:30:04,2026-03-01 22:30:00
67,37-Ballesteros,4,13,17,0.23529411764705882,baja,IN_SERVICE,-0.8685995035282641,41.644992649784356,2026-03-01T22:30:04,2026-03-01 22:30:00
66,36-Silvestre Pérez,7,11,18,0.3888888888888889,media,IN_SERVICE,-0.8668794136926827,41.648448612434365,2026-03-01T22:30:04,2026-03-01 22:30:00
65,27-CP Joaquín Costa,6,16,22,0.2727272727272727,baja,IN_SERVICE,-0.8914783475756557,41.651939027032014,2026-03-01T22:30:04,2026-03-01 22:30:00
64,26-Pta. del Carmen,0,23,23,0.0,baja,IN_SERVICE,-0.8871484005813419,41.64971295765655,2026-03-01T22:30:04,2026-03-01 22:30:00
63,25-Plaza Los Sitios,7,16,23,0.30434782608695654,baja,IN_SERVICE,-0.8800174269410725,41.648418838099005,2026-03-01T22:30:04,2026-03-01 22:30:00
62,24-S. Pedro Nolasco,18,5,23,0.782608695652174,alta,IN_SERVICE,-0.8772533160638994,41.65265078107801,2026-03-01T22:30:04,2026-03-01 22:30:00
61,21-Aranda: C. Augusto,13,9,22,0.5909090909090909,media,IN_SERVICE,-0.8842182798493511,41.65431689695918,2026-03-01T22:30:04,2026-03-01 22:30:00
60,19-Asalto. Servet,1,22,23,0.043478260869565216,baja,IN_SERVICE,-0.8756604081942,41.64898976199011,2026-03-01T22:30:04,2026-03-01 22:30:00
59,17-Constitución: Pza. Aragón,2,25,27,0.07407407407407407,baja,IN_SERVICE,-0.8840404465575993,41.64780290857267,2026-03-01T22:30:04,2026-03-01 22:30:00
58,16-Pza. España,1,29,30,0.03333333333333333,baja,IN_SERVICE,-0.8804523370544772,41.65194683761464,2026-03-01T22:30:04,2026-03-01 22:30:00
57,125-Parq. Delicias: Univérsitas,18,1,19,0.9473684210526315,alta,IN_SERVICE,-0.9092214400560296,41.64902433380919,2026-03-01T22:30:04,2026-03-01 22:30:00
56,119-Sainz Varanda: J. Carlos I,12,2,14,0.8571428571428571,alta,IN_SERVICE,-0.9080668043608191,41.63870153899315,2026-03-01T22:30:04,2026-03-01 22:30:00
55,102-Teatro Romano,10,13,23,0.43478260869565216,media,IN_SERVICE,-0.8778203525590965,41.6512447939932,2026-03-01T22:30:04,2026-03-01 22:30:00
54,51-Plaza Roma,10,8,18,0.5555555555555556,media,IN_SERVICE,-0.8986334095588265,41.649789154764925,2026-03-01T22:30:04,2026-03-01 22:30:00
53,129-Graus: Unceta,15,3,18,0.8333333333333334,alta,IN_SERVICE,-0.9023083402969022,41.652618211573476,2026-03-01T22:30:04,2026-03-01 22:30:00
52,126-Sanz Ibáñez: Rioja,12,2,14,0.8571428571428571,alta,IN_SERVICE,-0.9108673459401692,41.65275735077624,2026-03-01T22:30:04,2026-03-01 22:30:00
51,54-Calanda: Madrid,3,16,19,0.15789473684210525,baja,IN_SERVICE,-0.9045993164281152,41.65362924867809,2026-03-01T22:30:04,2026-03-01 22:30:00
49,61-Peña Oroel,17,1,18,0.9444444444444444,alta,IN_SERVICE,-0.8735580302111329,41.66369769253894,2026-03-01T22:30:04,2026-03-01 22:30:00
50,15-Portillo,4,14,18,0.2222222222222222,baja,IN_SERVICE,-0.8978732373705646,41.65294894654275,2026-03-01T22:30:04,2026-03-01 22:30:00
48,47-S. Francisco: Universidad,0,23,23,0.0,baja,IN_SERVICE,-0.8960829160066465,41.6416552291297,2026-03-01T22:30:04,2026-03-01 22:30:00
46,29-Palacio Aljafería,1,18,19,0.05263157894736842,baja,IN_SERVICE,-0.8967222561741014,41.655688108710294,2026-03-01T22:30:04,2026-03-01 22:30:00
47,42-Fleta. Uncastillo,12,10,22,0.5454545454545454,media,IN_SERVICE,-0.881091649484269,41.639762875997,2026-03-01T22:30:04,2026-03-01 22:30:00
44,104-Madre Rafols: DGA,7,11,18,0.3888888888888889,media,IN_SERVICE,-0.8895083028136774,41.65361198942761,2026-03-01T22:30:04,2026-03-01 22:30:00
45,118-J. Carlos I: Aragonia,16,2,18,0.8888888888888888,alta,IN_SERVICE,-0.9091446389205505,41.64129664969088,2026-03-01T22:30:04,2026-03-01 22:30:00
42,18-Beltrán Martínez,15,8,23,0.6521739130434783,media,IN_SERVICE,-0.8697493381520356,41.65151365477199,2026-03-01T22:30:04,2026-03-01 22:30:00
43,41-Pza. Schweitzer,5,16,21,0.23809523809523808,baja,IN_SERVICE,-0.8822675826608747,41.6424198902232,2026-03-01T22:30:04,2026-03-01 22:30:00
40,87-Aljafería: M.ª Agustín,4,14,18,0.2222222222222222,baja,IN_SERVICE,-0.8936952156445191,41.65715805339066,2026-03-01T22:30:04,2026-03-01 22:30:00
41,89-Echegaray: Postigo Ebro,2,18,20,0.1,baja,IN_SERVICE,-0.8858351785700125,41.65832591569287,2026-03-01T22:30:04,2026-03-01 22:30:00
38,12-Almozara: Voluntariado,11,6,17,0.6470588235294118,media,IN_SERVICE,-0.8965130548490908,41.66351408751127,2026-03-01T22:30:04,2026-03-01 22:30:00
39,30-Pta. Sancho: Gargallo,9,8,17,0.5294117647058824,media,IN_SERVICE,-0.9017031103438954,41.66153418118615,2026-03-01T22:30:04,2026-03-01 22:30:00
36,10-Echegaray. Pte. Santiago,0,21,21,0.0,baja,IN_SERVICE,-0.8811861845387154,41.65792983670542,2026-03-01T22:30:04,2026-03-01 22:30:00
37,11-Pza. Europa,19,2,21,0.9047619047619048,alta,IN_SERVICE,-0.891484156777003,41.65937301040624,2026-03-01T22:30:04,2026-03-01 22:30:00
35,9-Echegaray. Pte. Piedra,4,19,23,0.17391304347826086,baja,IN_SERVICE,-0.875334229669286,41.65595974062594,2026-03-01T22:30:04,2026-03-01 22:30:00
34,8-Puerta del Sol,0,22,22,0.0,baja,IN_SERVICE,-0.870556270067723,41.654208662521754,2026-03-01T22:30:04,2026-03-01 22:30:00
33,7-Parque Tenerías,9,13,22,0.4090909090909091,media,IN_SERVICE,-0.8661313036596732,41.65273358987069,2026-03-01T22:30:04,2026-03-01 22:30:00
31,4-Atarés: Pte. Almozara,8,11,19,0.42105263157894735,media,IN_SERVICE,-0.8884840814105469,41.662205952451124,2026-03-01T22:30:04,2026-03-01 22:30:00
32,3-Actur: Voluntariado,19,0,19,1.0,alta,IN_SERVICE,-0.894471261252433,41.667006044461544,2026-03-01T22:30:04,2026-03-01 22:30:00
30,65-Intercambiador Zambrano,14,4,18,0.7777777777777778,alta,IN_SERVICE,-0.8869439705391594,41.6664229164088,2026-03-01T22:30:04,2026-03-01 22:30:00
28,66-Neruda: Celaya,3,16,19,0.15789473684210525,baja,IN_SERVICE,-0.8860618639385536,41.67031589230512,2026-03-01T22:30:04,2026-03-01 22:30:00
29,5-Macanaz,0,14,14,0.0,baja,IN_SERVICE,-0.8807841228180032,41.6603258243735,2026-03-01T22:30:04,2026-03-01 22:30:00
26,67-Campoamor: Grancasa,7,21,28,0.25,baja,IN_SERVICE,-0.8900709111460768,41.66870996489908,2026-03-01T22:30:04,2026-03-01 22:30:00
27,94-Kasan,7,12,19,0.3684210526315789,media,IN_SERVICE,-0.8836630237703734,41.66428986486975,2026-03-01T22:30:04,2026-03-01 22:30:00
24,13-Avda. Francia,8,11,19,0.42105263157894735,media,IN_SERVICE,-0.9072971001720915,41.66212827512005,2026-03-01T22:30:04,2026-03-01 22:30:00
25,73-Avellaneda: Xirgu,10,9,19,0.5263157894736842,media,IN_SERVICE,-0.8909446564036722,41.6781199582,2026-03-01T22:30:04,2026-03-01 22:30:00
23,14-Delicias Salidas,0,27,27,0.0,baja,IN_SERVICE,-0.908776737515878,41.658419576155225,2026-03-01T22:30:04,2026-03-01 22:30:00
22,68-Zambrano: Saura,1,15,16,0.0625,baja,IN_SERVICE,-0.889121735707403,41.67513693377694,2026-03-01T22:30:04,2026-03-01 22:30:00
20,75-Salvador Allende,16,1,17,0.9411764705882353,alta,IN_SERVICE,-0.8765398787413364,41.66946073063902,2026-03-01T22:30:04,2026-03-01 22:30:00
21,6-Ribera: Pte. del Pilar,14,14,28,0.5,media,IN_SERVICE,-0.8696812098607314,41.656534642211824,2026-03-01T22:30:04,2026-03-01 22:30:00
18,76-S. Juan Peña: Juslibol,13,6,19,0.6842105263157895,alta,IN_SERVICE,-0.871290853896484,41.670200638757926,2026-03-01T22:30:04,2026-03-01 22:30:00
19,78-Jardines Concordia,17,2,19,0.8947368421052632,alta,IN_SERVICE,-0.8713698500510962,41.674005531426445,2026-03-01T22:30:04,2026-03-01 22:30:00
17,59-Plaza Mozart,2,16,18,0.1111111111111111,baja,IN_SERVICE,-0.8656330727629022,41.66176356076383,2026-03-01T22:30:04,2026-03-01 22:30:00
15,95-Longares: Fuendejalón,12,7,19,0.631578947368421,media,IN_SERVICE,-0.8653481426228651,41.65901656212993,2026-03-01T22:30:04,2026-03-01 22:30:00
16,55-M. Cadena: M. Asso,0,18,18,0.0,baja,IN_SERVICE,-0.8617241445179734,41.658816500329856,2026-03-01T22:30:04,2026-03-01 22:30:00
13,57-Sobrarbe: Ribera,6,11,17,0.35294117647058826,media,IN_SERVICE,-0.8742581554375131,41.65882471564294,2026-03-01T22:30:04,2026-03-01 22:30:00
14,56-Oriente: Betoré,8,10,18,0.4444444444444444,media,IN_SERVICE,-0.8589302263115718,41.655509459882516,2026-03-01T22:30:04,2026-03-01 22:30:00
11,80-Academia Gral: Allende,15,3,18,0.8333333333333334,alta,IN_SERVICE,-0.8713416419593841,41.67796162189141,2026-03-01T22:30:04,2026-03-01 22:30:00
12,23-Ribera. Azud,11,7,18,0.6111111111111112,media,IN_SERVICE,-0.8579622866705532,41.65310544873928,2026-03-01T22:30:04,2026-03-01 22:30:00
10,77-Allende: Picasso,16,1,17,0.9411764705882353,alta,IN_SERVICE,-0.877326766628039,41.67359873468499,2026-03-01T22:30:04,2026-03-01 22:30:00
8,31-Gargallo: Parq. Aljafería,17,0,17,1.0,alta,IN_SERVICE,-0.8965789416365898,41.66013989624197,2026-03-01T22:30:04,2026-03-01 22:30:00
9,34-Coso Bajo,13,14,27,0.48148148148148145,media,IN_SERVICE,-0.8735993374213203,41.65168262050894,2026-03-01T22:30:04,2026-03-01 22:30:00
7,83-Majas de Goya,1,18,19,0.05263157894736842,baja,IN_SERVICE,-0.8743555075642135,41.68665265367462,2026-03-01T22:30:04,2026-03-01 22:30:00
6,60-Bielsa: Cnos. Norte,12,7,19,0.631578947368421,media,IN_SERVICE,-0.8700189594307578,41.662434834595956,2026-03-01T22:30:04,2026-03-01 22:30:00
5,70-Picasso: Zambrano,9,8,17,0.5294117647058824,media,IN_SERVICE,-0.8888524964903941,41.67289063433152,2026-03-01T22:30:04,2026-03-01 22:30:00
4,2-Pabellón Aragón,0,18,18,0.0,baja,IN_SERVICE,-0.8983968482606207,41.671304102009586,2026-03-01T22:30:04,2026-03-01 22:30:00
3,81-Tauromaquia,6,11,17,0.35294117647058826,media,IN_SERVICE,-0.8711614123763872,41.68269790793972,2026-03-01T22:30:04,2026-03-01 22:30:00
2,1-Palacio Congresos,3,16,19,0.15789473684210525,baja,IN_SERVICE,-0.9037228892731582,41.669967196649765,2026-03-01T22:30:04,2026-03-01 22:30:00
